SMILES,Tag,level,O_index,Exp_State
CC(C)(C)OC(=O)N1CCC(CO)C1,True,1,12,No_Exp
Oc1ccncc1,True,2,0,No_React
C#CC1(O)CCCCC1,True,3,3,No_Exp
O=C1CC[C@@H](CO)N1,True,1,6,No_Exp
CC(C)c1cccc(=O)c(O)c1,True,2,10,No_Exp
CC(C)(C)OC(=O)Nc1cccc(O)c1,True,2,13,No_Exp
COc1ccc(-c2coc3cc(O)ccc3c2=O)cc1,True,2,12,No_Exp
COc1ccc(C=O)cc1O,True,2,10,No_Exp
COc1cc(CO)c([N+](=O)[O-])cc1OC,True,1,6,No_Exp
COC(=O)CO,True,1,5,No_Exp
COC(=O)CCc1ccc(O)cc1,True,2,10,No_Exp
COC(=O)C[C@H](O)C(=O)OC,True,2,6,No_Exp
Cc1cccnc1O,True,2,7,No_Exp
Cc1cccc(O)n1,True,2,6,No_Exp
Cc1ccc(O)cn1,True,2,5,No_Exp
Cc1cc(O)ccc1Br,True,2,4,No_Exp
Cc1ccc(F)c(O)c1,True,2,7,No_Exp
Cc1c(OCC(F)(F)F)ccnc1CO,True,1,14,No_Exp
CC(C)CC(O)CC(C)C,True,2,5,No_Exp
CC(C)(C)OC(=O)NCCO,True,1,10,No_Exp
COC(=O)[C@H](Cc1ccc(O)cc1)NC(=O)OC(C)(C)C,True,2,10,No_Exp
COC(=O)[C@H](O)[C@@H](NC(=O)OC(C)(C)C)c1ccccc1,True,2,5,No_Exp
COC(=O)C(C)(C)CO,True,1,8,No_Exp
CC(C)(C)OC(=O)N1CCCC(CO)C1,True,1,13,No_Exp
CC(C)(C)OC(=O)N1CCC(O)C1,True,2,11,No_Exp
CC(C)(C)OC(=O)N1CC(O)C1,True,2,10,No_Exp
CC(C)(C)c1ccc(O)c(C=O)c1,True,2,8,No_Exp
CC(C)(C)c1cc(C=O)c(O)c(C(C)(C)C)c1,True,2,10,No_Exp
CC(=O)c1cccc(O)c1,True,2,8,No_Exp
COc1cc(C(C)=O)ccc1O,True,2,11,No_Exp
OC1CCOCC1,True,2,0,No_Exp
O[C@H]1CCOC1,True,2,0,No_Exp
OCC1CCCCC1,True,1,0,React
OC1COC1,True,2,0,No_Exp
Oc1cccnc1,True,2,0,No_Exp
Oc1cc(Br)ccn1,True,2,0,No_Exp
Oc1cccc2[nH]ccc12,True,2,0,No_Exp
OCc1ccccn1,True,1,0,No_Exp
Oc1ccc(OCc2ccccc2)cc1,True,2,0,No_Exp
Oc1ccccc1F,True,2,0,No_Exp
OCCc1ccccc1Cl,True,1,0,No_Exp
Oc1ccc(Br)nc1,True,2,0,No_Exp
OCc1cccc(Br)c1,True,1,0,No_Exp
Oc1ncccc1Br,True,2,0,No_Exp
O=Cc1cccc(O)c1Br,True,2,7,No_Exp
Oc1c(Cl)cccc1Cl,True,2,0,No_Exp
O=[N+]([O-])c1cccc(F)c1O,True,2,10,No_Exp
OCCc1ccc(Cl)cc1,True,1,0,No_Exp
OCc1ccc(C(F)(F)F)cc1,True,1,0,No_Exp
O=Cc1cc(Br)ccc1O,True,2,9,No_Exp
Oc1cc(F)cc(F)c1,True,2,0,No_Exp
Oc1cc(Br)cc(Br)c1,True,2,0,No_Exp
C=CCOCCO,True,1,6,No_Exp
C[C@@H](CO)NC(=O)OC(C)(C)C,True,1,3,No_Exp
OCCCCCCCCCBr,True,1,0,No_Exp
OC(C(F)(F)F)C(F)(F)F,True,2,0,No_React
OCCOc1ccc2ccccc2c1,True,1,0,No_Exp
OCC(F)(F)C(F)(F)F,True,1,0,No_Exp
OCC(F)(F)C(F)(F)C(F)(F)F,True,1,0,No_Exp
O=C(NCO)c1ccccc1,True,1,4,No_Exp
NC(=O)c1ccccc1O,True,2,9,No_Exp
COc1cccc(O)c1,True,2,7,No_Exp
COc1ccc(C=O)c(O)c1,True,2,9,No_Exp
COc1cc(C=O)cc(OC)c1O,True,2,12,No_Exp
COC(=O)c1ccccc1O,True,2,10,No_Exp
COC(=O)c1ccc(O)c(Cl)c1,True,2,8,No_Exp
Oc1ccc(Cl)c(Cl)c1,True,2,0,No_Exp
CCOC(=O)c1ccccc1O,True,2,11,No_Exp
CCOC(=O)[C@H](C)O,True,2,7,No_Exp
CCCOC(=O)c1ccc(O)cc1,True,2,10,No_Exp
CCCCOCCOCCO,True,1,10,No_Exp
CCCCCO,True,1,5,No_Exp
CCCCCCCCCO,True,1,9,No_Exp
CCCCCCCCCCCCCCCCCCO,True,1,18,No_Exp
CCCCc1ccc(O)cc1,True,2,8,No_Exp
CCC(C)(O)CCC(C)C,True,3,4,No_Exp
Cc1ccccc1O,True,2,7,No_Exp
Cc1cc(O)c(Cl)c(C)c1Cl,True,2,4,No_Exp
CC(=O)Nc1cccc(O)c1,True,2,9,No_Exp
CC(C)c1ccc(CO)cc1,True,1,8,No_Exp
CC(=O)c1ccc(O)cc1,True,2,7,No_Exp
CC(=O)c1ccc(F)cc1O,True,2,10,No_Exp
OCC1CC1,True,1,0,No_Exp
OC1CCC1,True,2,0,React
OCC1c2ccccc2-c2ccccc21,True,1,0,No_Exp
O=Nc1ccc2ccccc2c1O,True,2,12,No_Exp
OCc1ccc(-c2ccccc2)cc1,True,1,0,No_Exp
Oc1cccc(Cl)n1,True,2,0,No_Exp
Oc1ccc(Cl)c(F)c1,True,2,0,No_Exp
O=[N+]([O-])c1ccc(F)cc1O,True,2,10,No_Exp
Oc1ccc(F)cc1Cl,True,2,0,No_Exp
Oc1ccc(Cl)cc1Cl,True,2,0,No_Exp
Oc1ccc(Br)cc1F,True,2,0,No_Exp
Oc1cccnc1Br,True,2,0,No_Exp
Oc1ccc(OC(F)(F)F)cc1,True,2,0,No_Exp
OCc1ccc(F)cc1,True,1,0,No_Exp
O=Cc1cc([N+](=O)[O-])ccc1O,True,2,11,No_Exp
Oc1c(Br)cc(Br)cc1Br,True,2,0,No_Exp
C=Cc1ccc(O)cc1,True,2,6,No_React
C/C=C/C=C/CO,True,1,6,No_Exp
C#CCCCCO,True,1,6,No_Exp
Oc1c(Br)cccc1Br,True,2,0,No_Exp
OCc1ccccc1,True,1,0,React
Oc1cccc2c1CCCC2,True,2,0,No_Exp
COc1ccc(C(O)c2ccc(OC)cc2)cc1,True,2,7,No_Exp
C=CC(C)(O)CCCC(C)CCCC(C)CCCC(C)C,True,3,4,No_Exp
O=C(NCO)c1cccnc1,True,1,4,No_Exp
O=C1C=CC(=O)N1CCO,True,1,9,No_Exp
CC(C)[C@@H](C)/C=C/[C@@H](C)[C@H]1CC[C@H]2C3=CC=C4C[C@@H](O)CC[C@]4(C)[C@H]3CC[C@]12C,True,2,19,No_Exp
CC(C)CCC[C@@H](C)[C@H]1CC[C@H]2[C@@H]3CC=C4C[C@@H](O)CC[C@]4(C)[C@H]3CC[C@]12C,True,2,18,No_Exp
OCc1cccc(I)c1,True,1,0,No_Exp
Oc1c(Br)cc(F)cc1Br,True,2,0,No_Exp
COCCO,True,1,4,No_Exp
COc1ccc(O)cc1,True,2,6,No_Exp
COc1cc(C=O)ccc1O,True,2,10,No_Exp
CCOC(=O)C(O)CC(C)C,True,2,6,No_Exp
CCCOCC(C)O,True,2,7,No_Exp
CCCCCCCCO,True,1,8,No_Exp
CCCCCCCCCCCO,True,1,11,No_Exp
CCCCCCCCCCCCOCCOCCOCCOCCOCCOCCOCCOCCO,True,1,36,No_Exp
CCCCCCCCCCCCCCCc1cccc(O)c1,True,2,20,No_Exp
CCCCCCCC/C=C\CCCCCCCCO,True,1,18,No_Exp
CCc1ccc(CO)cc1,True,1,7,No_Exp
CCC/C=C\CO,True,1,6,No_Exp
CCC(C)CCO,True,1,6,No_Exp
CCC(C)c1cc(C(C)(C)C)c(O)c(C(C)(C)C)c1,True,2,12,No_Exp
Cc1ccc2cc(O)ccc2n1,True,2,7,No_Exp
Cc1ccc2c(O)cc(=O)oc2c1,True,2,6,No_Exp
Cc1cccc(O)c1,True,2,6,No_Exp
Cc1cc(C)c(O)c(C(C)(C)C)c1,True,2,6,No_React
Cc1nccc2c1[nH]c1cc(O)ccc12,True,2,11,No_Exp
CC[C@H](C)CO,True,1,5,No_Exp
CC[C@@H](C)O,True,2,4,No_Exp
CC(O)CBr,True,2,2,No_Exp
CC(O)Cc1ccccc1,True,2,2,No_Exp
CC(O)C1CC1,True,2,2,No_Exp
CC(O)c1ccc2ccccc2c1,True,2,2,No_Exp
CC(C)O,True,2,3,No_Exp
CC(C)CO,True,1,4,No_Exp
CC(C)(C)CO,True,1,5,No_Exp
CC(C)(C)c1ccc(O)cc1,True,2,8,No_Exp
OCC1COCCOCCOCCOCCO1,True,1,0,No_Exp
OCC1COCCOCCOCCO1,True,1,0,No_Exp
Oc1ccc2c(c1)CCC2,True,2,0,No_Exp
OCc1cccnc1,True,1,0,No_Exp
Oc1ccnc(Br)c1,True,2,0,No_Exp
Oc1c(I)cc(Cl)c2cccnc12,True,2,0,No_Exp
OCCc1ccccn1,True,1,0,No_Exp
O=S1(=O)OC(c2ccc([O-])cc2)(c2ccc(O)cc2)c2ccccc21,True,2,16,No_Exp
O=C(c1ccccc1)c1ccccc1O,True,2,14,No_Exp
OC/C=C/c1ccccc1,True,1,0,React
O=C(c1ccc(O)cc1)c1ccc(F)cc1,True,2,6,No_Exp
O=[N+]([O-])c1ccc(O)c(CBr)c1,True,2,7,No_Exp
C=CC(C)O,True,2,4,No_Exp
C=C(C)C(=O)OCC(O)CC,True,2,8,No_Exp
CC[C@H](C)O,True,2,4,No_Exp
C[C@H](O)c1ccccn1,True,2,2,No_Exp
C/C=C\CCCO,True,1,6,No_Exp
O=S([O-])CO,True,1,4,No_Exp
OCCOCCOCCCl,True,1,0,No_Exp
OCCI,True,1,0,No_Exp
OCCCCl,True,1,0,No_React
OCCCCCCCCCCCBr,True,1,0,No_Exp
OC(CBr)CCBr,True,2,0,No_Exp
OCC(F)(F)F,True,1,0,No_Exp
CC(=Cc1ccccc1)CO,True,1,10,No_Exp
C#CCCO,True,1,4,No_Exp
O=C(CCl)NCO,True,1,6,No_Exp
OCn1cncn1,True,1,0,No_Exp
CC(C)(C)OC(=O)COCCOCCO,True,1,14,No_Exp
O=C(NCCOCCO)OCc1ccccc1,True,1,8,No_Exp
OCCOC1CCCCO1,True,1,0,No_Exp
O=C(c1ccccc1)c1ccc(OCCO)cc1,True,1,15,No_Exp
O=C(NCCO)OCC1c2ccccc2-c2ccccc21,True,1,5,No_Exp
O=C(NCCO)OCc1ccccc1,True,1,5,No_Exp
NC(=O)NCCO,True,1,6,No_Exp
O=C1CCCN1CCO,True,1,8,No_Exp
OCCn1c2ccccc2c2ccccc21,True,1,0,No_Exp
CS(=O)(=O)CCCO,True,1,7,No_Exp
O=C(NCCCO)OCc1ccccc1,True,1,6,No_Exp
CN(CCCO)C(=O)OC(C)(C)C,True,1,5,No_Exp
OCCCCOCc1ccccc1,True,1,0,React
CC(C)(C)OC(=O)NCCCCO,True,1,12,No_Exp
OCCCCCOCc1ccccc1,True,1,0,No_Exp
CC(C)(C)OC(=O)NCCCCCO,True,1,13,No_Exp
CC(C)(C)OC(=O)NCCCCCCO,True,1,14,No_Exp
CCCCCCO,True,1,6,No_Exp
OCCCCC(F)(F)F,True,1,0,No_Exp
OCCCc1ccccc1Br,True,1,0,No_Exp
COc1ccc(CCCO)cc1,True,1,9,No_Exp
C[Si](C)(C)C#CCCCO,True,1,9,No_Exp
OCCC1CC1,True,1,0,No_Exp
OCCc1ccccc1,True,1,0,No_Exp
OCCc1ccc(OCc2ccccc2)cc1,True,1,0,No_Exp
OCCC12CC3CC(CC(C3)C1)C2,True,1,0,No_Exp
OCC1COc2cscc2O1,True,1,0,No_Exp
OCC1CO1,True,1,0,No_Exp
OCC1COc2ccccc2O1,True,1,0,No_Exp
OCC1COC1,True,1,0,No_Exp
CC1(C)OCC(CO)CO1,True,1,7,No_Exp
CC(C)(C)OC(=O)N1CCOC(CO)C1,True,1,13,No_Exp
O=C(OCc1ccccc1)N1CCC(CO)C1,True,1,15,No_Exp
OCC1CCCC1,True,1,0,No_Exp
O=C1CCC(CO)N1,True,1,6,No_Exp
OCC1CC1(F)F,True,1,0,No_Exp
OCC1CC2C=CC1C2,True,1,0,No_Exp
OCC12COCN1COC2,True,1,0,No_Exp
OCc1ncccc1Br,True,1,0,No_Exp
OCc1cccc(F)n1,True,1,0,No_Exp
OCc1cccc(Cl)n1,True,1,0,No_Exp
OCc1csc(Br)n1,True,1,0,No_Exp
OCc1cncs1,True,1,0,No_Exp
CSc1ncc(CO)c(Cl)n1,True,1,7,No_Exp
OCc1cnc(Cl)cn1,True,1,0,No_Exp
OCc1cc2cnc(Cl)nc2n1C1CCCC1,True,1,0,No_Exp
OCc1cccc(OCc2ccccc2)c1,True,1,0,No_Exp
OCc1cccc(Oc2ccccc2)c1,True,1,0,No_Exp
OCc1cccc(C(F)(F)F)c1,True,1,0,No_Exp
OCc1cccc(Br)c1F,True,1,0,No_Exp
OCc1ccc(OCc2ccccc2)cc1,True,1,0,No_Exp
COc1ccc(CO)cc1OC,True,1,7,No_Exp
OCc1ccc(CBr)cc1,True,1,0,No_Exp
Cc1ccc(-c2ccc(CO)cc2)cc1,True,1,10,No_Exp
C=Cc1ccc(CO)cc1,True,1,7,No_Exp
Cc1ccc(CO)cc1C,True,1,6,No_Exp
C[Si](C)(C)C#Cc1ccc(CO)cc1,True,1,11,No_Exp
OCc1ccc(Br)nc1,True,1,0,No_Exp
O=[N+]([O-])c1cc(Br)ccc1CO,True,1,11,No_Exp
OCc1cc(OC(F)(F)F)ccc1F,True,1,0,No_Exp
OCc1cc(F)ccc1Br,True,1,0,No_Exp
OCc1cc(Br)ccc1F,True,1,0,No_Exp
Cc1[nH]cnc1CO,True,1,7,No_Exp
CCCCc1nc(Cl)c(CO)n1Cc1ccc(-c2ccccc2-c2nnn[n-]2)cc1,True,1,10,No_Exp
Cc1cccc(C)c1CO,True,1,9,No_Exp
CC1(CO)CC1,True,1,3,No_Exp
NC(=O)CO,True,1,4,No_Exp
OCC(F)(F)C(F)(F)C(F)(F)C(F)(F)C(F)(F)C(F)(F)C(F)(F)F,True,1,0,No_Exp
CC(F)(F)CO,True,1,5,No_Exp
CCN(Cc1ccncc1)C(=O)C(CO)c1ccccc1,True,1,14,No_Exp
CC(C)(CO)CCl,True,1,4,No_Exp
Oc1nc2ccccc2s1,True,2,0,No_Exp
Oc1ccc2cccnc2c1,True,2,0,No_Exp
Oc1ccc2cc(Br)ccc2c1Br,True,2,0,No_Exp
Oc1nccc2ccccc12,True,2,0,No_Exp
Cc1ccc2ccccc2c1O,True,2,11,No_Exp
Oc1ccc(Br)c2ccccc12,True,2,0,No_Exp
OC1CCc2ccccc21,True,2,0,No_Exp
OC1CC1,True,2,0,No_React
OC1CC/C=C\CCC1,True,2,0,No_Exp
CC(C)(C)OC(=O)N1C2CCC1CC(O)C2,True,2,14,No_Exp
OC1c2ccccc2SCc2c1ccc(F)c2F,True,2,0,No_Exp
Oc1cc[nH]n1,True,2,0,No_Exp
Oc1cnc2ccccc2n1,True,2,0,No_Exp
Cc1cc(O)nc2ccccc12,True,2,4,No_Exp
CCc1ncnc(O)c1F,True,2,7,No_Exp
Oc1ncccn1,True,2,0,No_Exp
Oc1ccccn1,True,2,0,No_Exp
O=[N+]([O-])c1cnc(O)c(C(F)(F)F)c1,True,2,7,No_Exp
Oc1cnc(-c2ccccc2)c(-c2ccccc2)n1,True,2,0,No_Exp
Oc1cccc(C(F)(F)F)n1,True,2,0,No_Exp
O=c1ccocc1O,True,2,7,No_Exp
Cn1cc(O)cn1,True,2,4,No_Exp
Oc1ccnc2ccc(Cl)cc12,True,2,0,No_Exp
Oc1ccnc2cc(Cl)ccc12,True,2,0,No_Exp
Oc1ccnc2cc(Br)ccc12,True,2,0,No_Exp
Oc1ccnc2ccccc12,True,2,0,No_React
Oc1cccnc1F,True,2,0,No_Exp
Oc1cccc2ccc3cccnc3c12,True,2,0,No_Exp
Oc1ccccc1OCc1ccccc1,True,2,0,No_Exp
C=CCOc1ccccc1O,True,2,10,No_Exp
COc1ccccc1O,True,2,8,No_Exp
Oc1ccccc1-c1nc2ccccc2o1,True,2,0,No_Exp
Oc1ccccc1-c1ccno1,True,2,0,No_Exp
C=CC(=O)Nc1cccc(O)c1,True,2,10,No_Exp
Oc1cccc(-c2ccccc2)c1,True,2,0,No_Exp
CC(C)c1cccc(O)c1,True,2,8,No_Exp
Oc1cccc(Br)n1,True,2,0,No_Exp
O=C(CBr)c1cccc(O)c1,True,2,9,No_Exp
Oc1ccc2cnccc2c1,True,2,0,No_Exp
O=S(=O)([O-])c1ccc2ccc(O)cc2c1,True,2,11,No_Exp
COc1ccc2cc(O)ccc2c1,True,2,8,No_Exp
CC(=O)c1ccc2cc(O)ccc2c1,True,2,9,No_Exp
CC(C)Oc1ccc(S(=O)(=O)c2ccc(O)cc2)cc1,True,2,15,No_Exp
COc1cc(F)ccc1O,True,2,9,No_Exp
Oc1ccc(Cl)cc1Cc1ccccc1,True,2,0,No_Exp
CCCCCCCc1ccc(O)cc1,True,2,11,No_Exp
C=CCc1ccc(O)c(OC)c1,True,2,7,No_Exp
Oc1ccc(-c2cc(-c3ccccn3)nc(-c3ccccn3)c2)cc1,True,2,0,No_Exp
COC(=O)[C@H](Cc1ccc(O)cc1)NC(=O)OCc1ccccc1,True,2,10,No_Exp
Oc1ccc(C(=C(c2ccccc2)c2ccccc2)c2ccccc2)cc1,True,2,0,No_Exp
COc1nc(Br)ccc1O,True,2,9,No_Exp
CCCCC[C@H]1CC[C@H](c2ccc(O)cc2)CC1,True,2,13,No_Exp
CCCC[C@H]1CC[C@H](c2ccc(O)cc2)CC1,True,2,12,No_Exp
CC[C@H]1CC[C@H](c2ccc(O)cc2)CC1,True,2,10,No_Exp
Oc1ccnc(Cl)c1,True,2,0,No_Exp
Oc1cc(Cl)nc(Cl)c1,True,2,0,No_Exp
Cc1ccc(Cl)cc1O,True,2,8,No_Exp
Cc1cc(O)n(C)n1,True,2,4,No_Exp
Cc1cc(O)ccn1,True,2,4,No_Exp
Cc1cc(C)cc(O)c1,True,2,7,No_Exp
Cc1cc(O)ccc1C(C)C,True,2,4,No_Exp
Cn1nc(C(F)(F)F)cc1O,True,2,10,No_Exp
Oc1cc(Br)c2ccccc2c1,True,2,0,No_Exp
Cc1cc(O)ccc1C=O,True,2,4,No_Exp
O=[N+]([O-])c1cc(O)cc(F)c1,True,2,6,No_Exp
Oc1ncnc2nc[nH]c12,True,2,0,No_Exp
Oc1cccc2cccnc12,True,2,0,No_Exp
Oc1ccc(Br)c2cccnc12,True,2,0,No_Exp
Oc1cccc2ccc(F)cc12,True,2,0,No_Exp
Oc1ncnc2ccc(Br)cc12,True,2,0,No_Exp
COCOc1cc(O)c2c(C#C[Si](C(C)C)(C(C)C)C(C)C)c(F)ccc2c1,True,2,7,No_Exp
Oc1cc(Br)cc2cccnc12,True,2,0,No_Exp
Oc1c(I)cc(Br)cc1I,True,2,0,No_Exp
Oc1c(F)ccc(F)c1F,True,2,0,No_Exp
Oc1ccnc(Br)c1F,True,2,0,No_Exp
Oc1c(Cl)cc(I)cc1Cl,True,2,0,No_Exp
Cc1cc(O)c2ccccc2n1,True,2,4,No_Exp
O=C(CCc1ccccc1)c1ccccc1O,True,2,16,No_Exp
COc1cccc(C)c1O,True,2,9,No_Exp
Cc1cccc(C)c1O,True,2,8,No_Exp
Cc1cccc(Br)c1O,True,2,8,No_Exp
Cc1cc(Br)cc(C)c1O,True,2,9,No_Exp
O=C(Nc1cccc2ccccc12)c1cc2ccccc2cc1O,True,2,23,No_Exp
CC(C)(C)c1cc(Br)c(O)c(C(C)(C)C)c1,True,2,9,No_Exp
Oc1ccncc1Br,True,2,0,No_Exp
O=[N+]([O-])c1cnc2ccccc2c1O,True,2,13,No_Exp
O=[N+]([O-])c1cncc(Br)c1O,True,2,10,No_Exp
O=[N+]([O-])c1cccc(Cl)c1O,True,2,10,No_Exp
O=[N+]([O-])c1cc(F)cc(Br)c1O,True,2,11,No_Exp
O=[N+]([O-])c1cc(Cl)cc(Cl)c1O,True,2,11,No_Exp
O=[N+]([O-])c1cc(F)c(O)cc1Cl,True,2,8,No_Exp
OC[C@@H]1COCCO1,True,1,0,No_Exp
CO[C@H]1O[C@H](CO)[C@@H](OCc2ccccc2)[C@H](OCc2ccccc2)[C@H]1OCc1ccccc1,True,1,6,No_Exp
CCCCC[C@H]1CC[C@H]([C@H]2CC[C@H](CO)CC2)CC1,True,1,14,No_Exp
C[C@@H](CO)CBr,True,1,3,No_Exp
OC[C@H]1COCCO1,True,1,0,No_Exp
CC(C)(C)OC(=O)N1CC[C@H](CO)C1,True,1,12,No_Exp
CC1(C)O[C@@H]2[C@H](O1)[C@@H](CO)O[C@H]2n1ccc(=O)[nH]c1=O,True,1,9,No_Exp
CC1(C)O[C@@H]2[C@H](O1)[C@@H](CO)O[C@H]2n1cnc2c(Cl)ncnc21,True,1,9,No_Exp
Cc1cn([C@H]2C[C@H](F)[C@@H](CO)O2)c(=O)[nH]c1=O,True,1,10,No_Exp
CC1(C)O[C@H]2[C@@H](O1)[C@@H](CO)O[C@@H]1OC(C)(C)O[C@@H]12,True,1,9,No_Exp
COCC(O)COC,True,2,4,No_Exp
OC1CCC2(CC1)OCCO2,True,2,0,No_Exp
OC(c1ccccc1)(c1ccccc1)c1ccncc1,True,3,0,No_Exp
N#Cc1ccc(C(O)c2ccc(C#N)cc2)cc1,True,2,7,No_Exp
O=c1ccc2nc3ccc(O)cc3oc-2c1,True,2,10,No_Exp
CCCCC(=O)O[C@H]1CC[C@H]2[C@@H]3CCc4cc(O)ccc4[C@H]3CC[C@]12C,True,2,17,No_Exp
CCCCCCCCOc1ccc(O)cc1,True,2,13,No_Exp
CC(C)(C)OC(=O)NCCc1ccc(O)cc1,True,2,14,No_Exp
CCCCOC(=O)C(C)O,True,2,9,No_Exp
OC(C(F)(F)F)(C(F)(F)F)C(F)(F)F,True,3,0,No_Exp
Cc1cc(F)cc(C)c1O,True,2,9,No_Exp
O=S(=O)(Cl)c1ccc(O)cc1,True,2,8,No_Exp
CS(=O)(=O)c1ccc(O)cc1,True,2,8,No_Exp
O=P(Cc1ccccc1O)(c1ccccc1)c1ccccc1,True,2,9,No_Exp
O=Cc1ccc(I)c(O)c1,True,2,8,No_Exp
COc1cc(C=O)c(Cl)cc1O,True,2,11,No_Exp
COc1cc(C=O)cc(I)c1O,True,2,11,No_Exp
O=Cc1cc(O)cc(C=O)c1,True,2,5,No_Exp
O=Cc1cc(C(=O)CBr)ccc1O,True,2,12,No_Exp
CC(C)(C)c1cc(C=O)c(O)c(C=O)c1,True,2,10,No_Exp
O=Cc1cc(Br)cc(F)c1O,True,2,10,No_Exp
O=Cc1cc(Br)cc(C=O)c1O,True,2,11,No_Exp
CC(C)(C)c1cc(Br)cc(C=O)c1O,True,2,13,No_Exp
O=Cc1ccc(O)c2ncccc12,True,2,6,No_Exp
O=CC=Cc1ccc(O)cc1,True,2,8,No_Exp
O=Cc1c(O)cccc1Br,True,2,4,No_Exp
CC[C@@]1(O)C(=O)OCc2c1cc1n(c2=O)CCC1=O,True,3,3,No_Exp
O=C1OCCC1O,True,2,6,No_Exp
O=C1OCC[C@@H]1O,True,2,6,No_React
O=C1OC(O)c2ccccc21,True,2,4,No_React
O=C1CC(O)CN1,True,2,4,No_Exp
O=C1CCc2ccc(O)cc2N1,True,2,8,No_Exp
O=C1CCc2c(O)cccc2N1,True,2,6,No_Exp
COc1cc2nc[nH]c(=O)c2cc1O,True,2,13,No_Exp
O=c1[nH]cc(CO)c(=O)[nH]1,True,1,6,No_Exp
O=c1ccn(CCO)c(=O)[nH]1,True,1,7,No_Exp
COc1ccc(C(OC[C@H]2O[C@@H](n3ccc(=O)[nH]c3=O)C[C@@H]2O)(c2ccccc2)c2ccc(OC)cc2)cc1,True,2,22,No_Exp
O=c1[nH]cc(CCO)c(=O)[nH]1,True,1,7,No_Exp
COCCO[C@@H]1[C@H](O)[C@@H](COC(c2ccccc2)(c2ccc(OC)cc2)c2ccc(OC)cc2)O[C@H]1n1cc(C)c(=O)[nH]c1=O,True,2,7,No_Exp
COc1ccc(C(OC[C@H]2O[C@@H](n3cnc4c(=O)nc(NC(=O)C(C)C)[nH]c43)[C@H](O)[C@@H]2O[Si](C)(C)C(C)(C)C)(c2ccccc2)c2ccc(OC)cc2)cc1,True,2,29,No_Exp
CCn1c(CO)n[nH]c1=O,True,1,5,No_Exp
O=C1CCC(N2C(=O)c3cccc(O)c3C2=O)C(=O)N1,True,2,13,No_Exp
O=C1CCC(N2C(=O)c3ccc(O)cc3C2=O)C(=O)N1,True,2,12,No_Exp
COc1ccc(CN2C(=O)CCC(O)C2=O)cc1,True,2,13,No_Exp
Cc1cn([C@H]2C=C[C@@H](CO)O2)c(=O)[nH]c1=O,True,1,9,No_Exp
O=C1CCCc2ccc(O)cc21,True,2,9,No_Exp
O=C1CCC(CO)CC1,True,1,6,No_Exp
C[C@]12CCC(=O)C=C1CC[C@@H]1[C@@H]2CC[C@@]2(C)[C@H]1CC[C@]2(C)O,True,3,21,No_Exp
C#C[C@]1(O)CC[C@H]2[C@@H]3CCC4=CC(=O)CC[C@]4(C)[C@H]3CC[C@@]21C,True,3,3,No_Exp
CC(=O)[C@@]1(O)CC[C@H]2[C@@H]3CCC4=CC(=O)CC[C@]4(C)[C@H]3CC[C@@]21C,True,3,4,No_Exp
C[C@]12CC[C@H](O)CC1=CC[C@@H]1[C@@H]2CC[C@]2(C)C(=O)CC[C@@H]12,True,2,5,No_Exp
C[C@]12CC[C@H](O)C[C@@H]1CC[C@@H]1[C@@H]2CC[C@]2(C)C(=O)CC[C@@H]12,True,2,5,No_Exp
CC1(C)CC(=O)c2cc(O)ccc2O1,True,2,9,No_Exp
CC[C@@]1(O)C(=O)OCc2c1cc1n(c2=O)Cc2cc3ccccc3nc2-1,True,3,3,No_Exp
C[C@]12C=CC(=O)C=C1CC[C@@H]1[C@@H]2CC[C@@]2(C)[C@H]1CC[C@]2(C)O,True,3,21,No_Exp
O=c1cccccc1O,True,2,8,No_Exp
CCc1occc(=O)c1O,True,2,9,No_Exp
COC1=C(OC)C(=O)C(CCCCCCCCCCO)=C(C)C1=O,True,1,19,No_Exp
CC1(C)O[C@H]2O[C@H]3[C@H](OC(=O)[C@H]3O)[C@H]2O1,True,2,12,No_Exp
CCCCCCCCCCCCCCCCOC(=O)c1cc(C(C)(C)C)c(O)c(C(C)(C)C)c1,True,2,27,No_Exp
CCCCOC(=O)CO,True,1,8,No_Exp
O=C(NCCCCCCO)OCc1ccccc1,True,1,9,No_Exp
O=C(OCc1ccccc1)c1ccc(O)cc1,True,2,14,No_Exp
CCOC(=O)Cc1ccccc1O,True,2,12,No_Exp
CCOC(=O)CC(O)c1ccccc1,True,2,7,No_Exp
CC(C)COC(=O)c1ccc(O)cc1,True,2,11,No_Exp
C=C(C)C(=O)Oc1ccc(O)cc1,True,2,10,No_Exp
C=C(C)C(=O)Oc1ccc(C(=O)c2ccccc2)c(O)c1,True,2,19,No_Exp
COC(=O)CCCCCO,True,1,9,No_Exp
CCCCCCC(O)CC(=O)OC,True,2,7,No_Exp
CCCCCC(O)CC(=O)OC,True,2,6,No_Exp
CCCCC(O)CC(=O)OC,True,2,5,No_Exp
COC(=O)c1ccc(O)nc1,True,2,8,No_Exp
COC(=O)c1ccc(I)c(O)c1,True,2,10,No_Exp
COC(=O)c1ccc(C(=O)OC)c(O)c1,True,2,13,No_Exp
COC(=O)c1ccc([N+](=O)[O-])c(O)c1,True,2,12,No_Exp
COC(=O)c1cc(O)cc(Br)c1,True,2,7,No_Exp
COC(=O)c1cc(F)c(Br)cc1O,True,2,12,No_Exp
COC(=O)c1cc(Cl)c(O)c(Cl)c1,True,2,9,No_Exp
COC(=O)c1cc(C)ccc1O,True,2,11,No_Exp
COC(=O)c1ccc(O)c(C(=O)OC)c1,True,2,8,No_Exp
COC(=O)c1ccc2ccccc2c1O,True,2,14,No_Exp
COC(=O)C(CO)NC(=O)OC(C)(C)C,True,1,6,No_Exp
COC(=O)c1ccc(OC)cc1O,True,2,12,No_Exp
COC(=O)[C@H](Cc1cccc(O)c1)NC(=O)OC(C)(C)C,True,2,11,No_Exp
COC(=O)[C@H](O)c1ccccc1Cl,True,2,5,No_Exp
CC(C)(C)OC(=O)NCCOCCOCCOCCOCCOCCO,True,1,25,No_Exp
CC(C)(C)OC(=O)NCCOCCOCCOCCO,True,1,19,No_Exp
CC(C)(C)OC(=O)NC1CC(O)C1,True,2,11,No_Exp
C[C@@H](O)CNC(=O)OC(C)(C)C,True,2,2,No_Exp
C[C@H](O)CNC(=O)OC(C)(C)C,True,2,2,No_Exp
CC(C)(CO)NC(=O)OC(C)(C)C,True,1,4,No_Exp
CC(C)(C)OC(=O)N[C@@H]1CC[C@@H](CO)OC1,True,1,13,No_Exp
CC(C)(C)OC(=O)N[C@H]1CC[C@H](CCO)CC1,True,1,14,No_Exp
CC(C)(C)OC(=O)N[C@H]1C[C@H](O)C1,True,2,11,No_Exp
CC(C)(C)OC(=O)N[C@H]1C[C@@H](O)C1,True,2,11,No_Exp
CC(C)(C)OC(=O)N[C@@H](CO)C(C)(C)C,True,1,10,No_Exp
COC[C@@H](CO)NC(=O)OC(C)(C)C,True,1,5,No_Exp
CC(C)(C)OC(=O)N[C@@H](CO)Cc1ccc(-c2ccccc2)cc1,True,1,10,No_Exp
CC[C@@H](CO)NC(=O)OC(C)(C)C,True,1,4,No_Exp
CC(C)(C)OC(=O)N1CCC[C@H](O)C1,True,2,12,No_Exp
CC(C)(C)OC(=O)CCO,True,1,9,No_Exp
CC(C)(C)OC(=O)c1ccc(O)cc1,True,2,11,No_Exp
CC1(C)O[C@@H]2[C@@H](CO)OC(=O)[C@@H]2O1,True,1,7,No_Exp
COc1cc(CNC(=O)CCCC/C=C/C(C)C)ccc1O,True,2,21,No_Exp
O=C(OCc1ccccc1)N1CCC(O)CC1,True,2,14,No_Exp
O=C1c2ccccc2C(=O)N1CCO,True,1,13,React
CC(C)(C)OC(=O)N1CC(F)(CO)C1,True,1,12,No_Exp
CC(C)(C)OC(=O)N1CC[C@@H](CO)C1,True,1,12,No_Exp
CC(C)(C)OC(=O)N1[C@H](CO)COC1(C)C,True,1,10,No_Exp
O=C1N[C@@H](Cc2ccc(O)cc2)C(=O)O1,True,2,9,No_Exp
CC(C)(C)OC(=O)N[C@H]1CC[C@@H](O)CC1,True,2,12,No_Exp
CC(C)(C)OC(=O)N1CCC2(CC1)CC(O)C2,True,2,15,No_Exp
CCN(CC)C(=O)c1ccccc1O,True,2,13,No_Exp
O=C([O-])CC(O)(CC(=O)[O-])C(=O)[O-],True,3,5,No_Exp
O=C1c2ccccc2C(=O)c2cc(O)ccc21,True,2,13,No_Exp
CCOC(=O)c1cnc2cc(OC)ccc2c1O,True,2,17,No_Exp
CCCCc1oc2ccc([N+](=O)[O-])cc2c1C(=O)c1ccc(O)cc1,True,2,22,No_Exp
COC(=O)C1CC(O)C1,True,2,7,React
COC(=O)c1cc(O)cc(C(=O)OC)n1,True,2,7,No_Exp
O=C(C=Cc1ccc(O)cc1)c1ccccc1,True,2,8,No_Exp
COc1ccc(C(=O)c2ccc(O)cc2)c(OC)c1,True,2,12,No_Exp
CC(=O)c1ccc(O)cc1F,True,2,7,No_Exp
COC(=O)c1sccc1O,True,2,9,No_Exp
CCCc1nc(C(C)(C)O)c(C(=O)OCc2oc(=O)oc2C)n1Cc1ccc(-c2ccccc2-c2nn[nH]n2)cc1,True,3,9,No_Exp
C[C@]12CC[C@H]3[C@@H](CCC4=CC(=O)CC[C@@]43CO)[C@@H]1CCC2=O,True,1,16,No_Exp
O=C(c1cc(Cl)ccc1O)c1ccccc1Cl,True,2,9,No_Exp
CCC(=O)c1cc2c(cc1O)OCO2,True,2,10,No_Exp
Cc1cc(C(=O)Cc2ccccc2)cc(C)c1O,True,2,17,No_Exp
O=C1CCC(N2Cc3c(O)cccc3C2=O)C(=O)N1,True,2,9,No_Exp
O=C1CCC(N2Cc3cc(O)ccc3C2=O)C(=O)N1,True,2,10,No_Exp
C[C@@H](O)[C@H]1C(=O)N2C(C(=O)OCc3ccc([N+](=O)[O-])cc3)C(=O)C[C@H]12,True,2,2,No_Exp
O=C([O-])CCCCO,True,1,7,No_Exp
COc1cc(C=CC(=O)[O-])ccc1O,True,2,13,No_Exp
COC(=O)[C@H]1CC[C@H](O)CC1,True,2,8,No_Exp
CCOC(=O)[C@H]1CC[C@@H](O)CC1,True,2,9,No_Exp
O=C(N[C@@H](CO)C(=O)OCc1ccccc1)OCC1c2ccccc2-c2ccccc21,True,1,5,No_Exp
O=C(N[C@@H](CO)C(=O)OCc1ccccc1)OCc1ccccc1,True,1,5,No_Exp
C[C@@H](O)C(=O)OC(C)(C)C,True,2,2,No_Exp
COC(=O)/C=C/c1ccc(O)c(OC)c1,True,2,10,No_Exp
O=[N+]([O-])c1ccc(O)nc1,True,2,7,No_Exp
O=[N+]([O-])c1ccc(Cl)c(O)c1,True,2,9,No_Exp
O=[N+]([O-])c1cc(O)ccc1Br,True,2,6,No_Exp
O=[N+]([O-])c1cnccc1O,True,2,9,No_Exp
COC(=O)[C@@H]1C[C@@H](O)CN1C(=O)OCc1ccccc1,True,2,7,No_Exp
COC(=O)[C@H]1C[C@@H](O)C1,True,2,7,No_Exp
CC1(C)OCC([C@H]2O[C@H](O)[C@@H]3OC(C)(C)OC23)O1,True,2,9,No_Exp
C[C@H]1[C@@H](O)O[C@@H]2O[C@@]3(C)CC[C@H]4[C@H](C)CC[C@@H]1[C@@]24OO3,True,2,3,No_Exp
O=[N+]([O-])O[C@@H]1CO[C@H]2[C@@H]1OC[C@@H]2O,True,2,12,No_Exp
CC(C)=CCC[C@@H](C)[C@H]1CC[C@@]2(C)C3=C(CC[C@]12C)[C@@]1(C)CC[C@H](O)C(C)(C)[C@@H]1CC3,True,2,24,No_Exp
CC(=O)[C@H]1CC[C@H]2[C@@H]3CC=C4C[C@@H](O)CC[C@]4(C)[C@H]3CC[C@]12C,True,2,13,No_Exp
C[C@]12CC[C@H](O)CC1=CC[C@@H]1[C@@H]2CC[C@]2(C)C(c3cccnc3)=CC[C@@H]12,True,2,5,No_Exp
COc1cc([C@@H]2c3cc4c(cc3[C@H](O)[C@H]3COC(=O)[C@H]23)OCO4)cc(OC)c1OC,True,2,13,No_Exp
O=C(N[C@H]1C[C@@H](O)C1)OCc1ccccc1,True,2,6,No_Exp
CC(C)(C)OC(=O)N[C@H]1C(C)(C)[C@H](O)C1(C)C,True,2,13,No_Exp
C=C(C)[C@@H]1CC[C@@H](C)C[C@H]1O,True,2,10,No_Exp
COCCO[C@@H]1[C@H](O)[C@@H](COC(c2ccccc2)(c2ccc(OC)cc2)c2ccc(OC)cc2)O[C@H]1n1cnc2c(=O)[nH]c(NC(=O)C(C)C)nc21,True,2,7,No_Exp
CC(C)[C@H](C)CC[C@@H](C)[C@H]1CC[C@H]2[C@@H]3CC=C4C[C@@H](O)CC[C@]4(C)[C@H]3CC[C@]12C,True,2,19,No_Exp
CC1(C)O[C@H]2O[C@H]([C@H]3COC(C)(C)O3)[C@@H](O)[C@H]2O1,True,2,15,No_Exp
CC[C@H](C)C(=O)O[C@H]1CCC=C2C=C[C@H](C)[C@H](CC[C@@H]3C[C@@H](O)CC(=O)O3)[C@H]21,True,2,22,No_Exp
COc1ccc(C(OC[C@H]2O[C@@H](n3ccc(NC(=O)c4ccccc4)nc3=O)C[C@@H]2O)(c2ccccc2)c2ccc(OC)cc2)cc1,True,2,30,No_Exp
C[C@H](O)c1cc(F)ccc1I,True,2,2,No_Exp
C#C[C@]1(O)CC[C@H]2[C@@H]3CCC4=CC(=O)CC[C@@H]4[C@H]3CC[C@@]21C,True,3,3,No_Exp
NC(=O)CN1CC(O)CC1=O,True,2,7,No_Exp
N#Cc1cccc(Br)c1O,True,2,9,No_Exp
N#Cc1ccc(O)cc1Cl,True,2,6,No_Exp
COc1cc(C#N)ccc1O,True,2,10,No_Exp
N#Cc1ccc(O)c(Cl)c1,True,2,6,No_Exp
Cc1cc(C#N)ccc1O,True,2,9,No_Exp
N#Cc1ccc(O)c(Br)c1,True,2,6,No_Exp
N#Cc1ccc(CO)c(F)c1,True,1,7,No_Exp
Cc1ccc(C#N)c(O)c1,True,2,8,No_Exp
N#Cc1ccc(Br)cc1O,True,2,9,No_Exp
N#Cc1cc(O)cc(F)c1,True,2,5,No_Exp
N#Cc1cccc(CO)c1,True,1,8,No_Exp
N#Cc1cc(Cl)ccc1O,True,2,9,No_Exp
N#Cc1cc(Br)ccc1O,True,2,9,No_Exp
N#Cc1cc(I)c(O)c([N+](=O)[O-])c1,True,2,7,No_Exp
COc1cc2c(Cl)c(C#N)cnc2cc1O,True,2,15,No_Exp
Oc1cc(I)ccc1Cl,True,2,0,No_Exp
Oc1ccc(F)cc1I,True,2,0,No_Exp
Oc1ccc(Cl)cc1I,True,2,0,No_Exp
Oc1ccc(Br)cc1I,True,2,0,No_Exp
OCc1cc(F)cc(F)c1,True,1,0,No_Exp
OCCc1cccc(F)c1,True,1,0,No_Exp
OCc1ccc(Br)cc1F,True,1,0,No_Exp
O=Cc1ccc(O)cc1F,True,2,6,No_Exp
Cc1ccc(O)cc1F,True,2,5,No_Exp
OCc1c(F)c(F)c(F)c(F)c1F,True,1,0,No_Exp
Oc1cccc(Br)c1F,True,2,0,No_Exp
OCC1CCC(F)(F)CC1,True,1,0,No_Exp
OC1CC(F)(F)C1,True,2,0,No_Exp
Cc1cc(F)cc(CO)c1,True,1,8,No_Exp
Oc1ccc(SC(F)(F)F)cc1,True,2,0,No_Exp
Oc1ccc(C(F)(F)F)cc1Cl,True,2,0,No_Exp
COc1ccc(C(OC[C@H]2O[C@@H](n3cnc4c(=O)nc(NC(=O)C(C)C)[nH]c43)[C@H](F)[C@@H]2O)(c2ccccc2)c2ccc(OC)cc2)cc1,True,2,31,No_Exp
COc1ccc(C(OC[C@H]2O[C@@H](n3ccc(NC(C)=O)nc3=O)[C@H](F)[C@@H]2O)(c2ccccc2)c2ccc(OC)cc2)cc1,True,2,26,No_Exp
CSCCO,True,1,4,No_Exp
CSCCCO,True,1,5,No_Exp
CSc1ccc(O)cc1,True,2,6,React
CS(=O)(=O)CCO,True,1,6,No_Exp
COP(=O)(CO)OC,True,1,5,No_Exp
COCCOCCOCCOCCOCCOCCOCCOCCO,True,1,25,No_Exp
COCCOCCOCCOCCOCCOCCOCCO,True,1,22,No_Exp
COCCOCCOCCOCCOCCOCCO,True,1,19,No_Exp
COCCOCCOCCOCCOCCO,True,1,16,No_Exp
COCCOCCOCCOCCO,True,1,13,No_Exp
COCCOCCOCCO,True,1,10,No_Exp
COCCOCCO,True,1,7,No_Exp
COCCCO,True,1,5,No_Exp
COCCc1ccc(O)cc1,True,2,8,No_Exp
COCC(=O)c1ccc(O)cc1,True,2,9,No_Exp
COc1ccc(O)cn1,True,2,6,No_Exp
COc1ncc(F)c(O)n1,True,2,8,No_Exp
COc1ccc2ccc(O)cc2c1,True,2,9,No_Exp
COc1ccccc1OCC(O)COC(N)=O,True,2,11,No_Exp
COc1cccc(O)c1C=O,True,2,7,No_Exp
COc1cccc(C=O)c1O,True,2,10,No_Exp
COC(=O)c1cccc(OC)c1O,True,2,12,No_Exp
COc1cccc(CO)c1,True,1,8,No_Exp
COc1cccc(CCO)c1,True,1,9,No_Exp
COc1ccc(O)cc1Br,True,2,6,No_Exp
COc1ccc(O)c(Br)c1,True,2,6,No_Exp
COc1ccc(O)c2ccccc12,True,2,6,No_Exp
COc1ccc(CO)cc1,True,1,7,No_Exp
COc1ccc(C(=O)C(O)c2ccc(OC)cc2)cc1,True,2,9,No_Exp
COc1ccc(C(OC[C@H]2O[C@@H](n3cnc4c(NC(=O)c5ccccc5)ncnc43)C[C@@H]2O)(c2ccccc2)c2ccc(OC)cc2)cc1,True,2,32,No_Exp
COc1ccc(C(OC[C@H]2O[C@@H](n3ccc(=O)[nH]c3=O)[C@H](OC)[C@@H]2O)(c2ccccc2)c2ccc(OC)cc2)cc1,True,2,24,No_Exp
COc1ccc(O)c(C=O)c1,True,2,6,No_Exp
COc1ccc(Br)c(O)c1,True,2,8,No_Exp
COc1ccc([C@@H]2Sc3ccccc3NC(=O)[C@@H]2O)cc1,True,2,18,No_Exp
COc1cc(Br)ccc1O,True,2,9,No_Exp
COc1cc(O)ccc1Br,True,2,5,No_Exp
COc1cc(C=O)cc([N+](=O)[O-])c1O,True,2,13,No_Exp
COc1cc(O)cc(OC)c1,True,2,5,No_Exp
COc1cc(CO)cc(OC)c1,True,1,6,No_Exp
COc1cc(/C=C/c2ccc(O)cc2)cc(OC)c1,True,2,11,No_Exp
COc1cc(O)c(C=O)c(OC)c1,True,2,5,No_Exp
COc1ccc(O)c(Cl)c1,True,2,6,No_Exp
COC(=O)c1cc(OC)ccc1O,True,2,12,No_Exp
COc1ccc(O)c([N+](=O)[O-])c1,True,2,6,No_Exp
COc1ccc(CO)c(OC)c1,True,1,7,No_Exp
COc1ccc(C(=O)c2ccccc2)c(O)c1,True,2,15,No_Exp
COc1ccc([N+](=O)[O-])c(O)c1,True,2,10,No_Exp
COc1cc2c(=O)[nH]cnc2cc1O,True,2,13,No_Exp
COc1cccc(OC)c1O,True,2,10,No_Exp
COc1cccc(Br)c1O,True,2,9,No_Exp
COc1cc(O)cc(OC)c1C=O,True,2,5,No_Exp
COc1c(O)ccc(C=O)c1[N+](=O)[O-],True,2,4,No_Exp
COc1cc(O)ccc1Cl,True,2,5,No_Exp
COC(=O)c1ccc(O)cc1OC,True,2,8,No_Exp
COC(=O)c1ccc(O)c(OC)c1,True,2,8,No_Exp
COc1cc(Br)ccc1CO,True,1,10,No_Exp
COc1cc([N+](=O)[O-])ccc1O,True,2,11,No_Exp
COc1cc(Br)c(C=O)cc1O,True,2,11,No_Exp
COc1ccc(O)cc1F,True,2,6,No_Exp
COc1ccc(CCO)cc1OC,True,1,8,No_Exp
COC(=O)c1ccc(OC)c(O)c1,True,2,11,No_Exp
COc1ccc(C#N)cc1O,True,2,10,No_Exp
COc1ccc([N+](=O)[O-])cc1O,True,2,11,No_Exp
COc1cc(C=O)c(Br)cc1O,True,2,11,No_Exp
COc1cc(CO)cc(OC)c1OC,True,1,6,No_Exp
COc1cc(CO)cc(OC)c1Br,True,1,6,No_Exp
COC(=O)c1cc(OC)c(O)c(OC)c1,True,2,10,No_Exp
COc1cc(Br)cc(C=O)c1O,True,2,11,No_Exp
COc1ccc(C=O)c(Br)c1O,True,2,11,No_Exp
COc1c(Cl)cnc(O)c1C#N,True,2,8,No_Exp
COC(CO)OC,True,1,4,No_Exp
COC(=O)c1cncc(O)c1,True,2,9,No_Exp
COc1cc2nccc(O)c2cc1OC,True,2,9,No_Exp
COC(O)C(F)(F)F,True,2,3,No_Exp
COC(=O)CCO,True,1,6,No_React
COC(=O)Cc1ccccc1O,True,2,11,No_Exp
COC(=O)Cc1ccc(O)cc1,True,2,9,No_Exp
COC(=O)Cc1cccc(O)c1,True,2,10,No_Exp
COC(=O)Cc1ccc(O)cc1F,True,2,9,No_Exp
COC(=O)CC(O)CC(=O)OC,True,2,6,No_Exp
COC(=O)CC(O)(CC(=O)OC)C(=O)OC,True,3,6,No_Exp
COC(=O)C1CCC(CO)CC1,True,1,9,No_Exp
COC(=O)c1ccc(O)nn1,True,2,8,No_Exp
COC(=O)c1ccc(O)cn1,True,2,8,No_Exp
COC(=O)c1cccc(CO)n1,True,1,10,No_Exp
COC(=O)c1ccc2cc(O)ccc2c1,True,2,10,No_Exp
COC(=O)c1ccc(O)cc1,True,2,8,No_Exp
COC(=O)c1ccc(O)c(C=O)c1,True,2,8,No_Exp
COC(=O)c1cccc(O)c1,True,2,9,No_Exp
COC(=O)c1cc(O)cc(C(=O)OC)c1,True,2,7,No_Exp
COC(=O)c1ccc(O)c(I)c1,True,2,8,No_Exp
COC(=O)c1ccc(O)c(C(F)(F)F)c1,True,2,8,No_Exp
COC(=O)c1ccc(O)c(Br)c1,True,2,8,No_Exp
COC(=O)c1ccc(O)c([N+](=O)[O-])c1,True,2,8,No_Exp
COC(=O)c1ccc(Br)c(O)c1,True,2,10,No_Exp
COC(=O)c1cc(Br)cnc1O,True,2,11,No_Exp
COC(=O)c1ncccc1O,True,2,10,No_Exp
COC(=O)c1cc(F)ccc1O,True,2,11,No_Exp
COC(=O)c1cc(Cl)ccc1O,True,2,11,No_Exp
COC(=O)c1cc(C=O)ccc1O,True,2,12,No_Exp
COC(=O)c1cc(Br)ccc1O,True,2,11,No_Exp
COC(=O)c1cc([N+](=O)[O-])ccc1O,True,2,13,No_Exp
COC(=O)c1cc2ccccc2cc1O,True,2,14,No_Exp
COC(=O)c1ccc(O)cc1C(=O)OC,True,2,8,No_Exp
COC(=O)c1ccc(I)cc1O,True,2,11,No_Exp
COC(=O)c1ccc(F)cc1O,True,2,11,No_Exp
COC(=O)c1ccc(Br)cc1O,True,2,11,No_Exp
COC(=O)c1cccc(Cl)c1O,True,2,11,No_Exp
COC(=O)c1cccc([N+](=O)[O-])c1O,True,2,13,No_Exp
COC(=O)C1(O)CC1,True,3,5,No_Exp
COC(=O)C=Cc1ccc(O)cc1,True,2,10,No_Exp
COC(=O)C(O)(c1cccs1)c1cccs1,True,3,5,No_Exp
COC(=O)C(O)c1ccccc1,True,2,5,No_Exp
COC(=O)[C@H]1CC[C@H](CO)CC1,True,1,9,No_Exp
COC(=O)[C@@H](O)Cc1ccccc1,True,2,5,No_Exp
COC(=O)[C@@H](O)c1ccccc1,True,2,5,No_Exp
COC(=O)[C@H]1CC[C@@H](O)CC1,True,2,8,No_Exp
COC(=O)[C@H](O)c1ccccc1,True,2,5,No_React
COC(=O)/C=C/c1ccc(O)cc1,True,2,10,No_Exp
COC(=O)[C@H](CO)NC(=O)OCC1c2ccccc2-c2ccccc21,True,1,6,No_Exp
COC(=O)[C@H](CO)NC(=O)OCc1ccccc1,True,1,6,No_Exp
CO,True,0,1,React
CNC(=O)Cc1ccc(O)cc1,True,2,9,No_Exp
Cn1nccc1O,True,2,6,No_React
Cn1c(=O)cc(O)c2ccccc21,True,2,6,No_Exp
Cn1c(=O)c2c(ncn2CCO)n(C)c1=O,True,1,11,No_Exp
Cn1cnc(CO)n1,True,1,6,No_Exp
Cn1ccnc1CO,True,1,7,No_Exp
Cn1cnc(CO)c1,True,1,6,No_Exp
CC1(C)O[C@@H]2C[C@H]3[C@@H]4CCC5=CC(=O)CC[C@]5(C)[C@@]4(F)[C@@H](O)C[C@]3(C)[C@]2(C(=O)CCl)O1,True,2,21,No_Exp
Oc1cc(Br)ccc1Cl,True,2,0,No_Exp
Oc1ccc(Br)c(Cl)c1,True,2,0,No_Exp
Oc1cc(Cl)cc(Cl)c1,True,2,0,No_Exp
O=C(Nc1ccc([N+](=O)[O-])cc1Cl)c1cc(Cl)ccc1O,True,2,20,No_Exp
Oc1cc(Cl)cc(Br)c1,True,2,0,No_Exp
Oc1c(Br)cc(Cl)cc1Br,True,2,0,No_Exp
OCCOc1c(Cl)cc(Cl)cc1Cl,True,1,0,No_Exp
Oc1c(Cl)cc(Br)cc1Cl,True,2,0,No_Exp
Oc1c(Cl)cccc1Br,True,2,0,No_Exp
CC(O)c1ccccc1Cl,True,2,2,No_Exp
Oc1cccc(Br)c1Cl,True,2,0,No_Exp
C[C@@H](O)c1c(Cl)cncc1Cl,True,2,2,No_Exp
OCC(Cl)(Cl)Cl,True,1,0,No_Exp
CC(O)c1c(Cl)ccc(F)c1Cl,True,2,2,No_Exp
CCOCCOCCOCCO,True,1,11,No_Exp
CCOCCOCCO,True,1,8,No_Exp
CCOCCO,True,1,5,No_React
CCOc1ccccc1O,True,2,9,No_Exp
CCOc1ccc(O)cc1,True,2,7,No_Exp
CCOc1cc(C=O)ccc1O,True,2,11,No_Exp
CCOC(CO)OCC,True,1,5,No_Exp
CCOC(=O)N1CCC(O)CC1,True,2,9,No_Exp
CCOC(=O)CO,True,1,6,No_Exp
CCOC(=O)CCCCCO,True,1,10,No_Exp
CCOC(=O)CCc1ccc(O)cc1,True,2,11,No_Exp
CCOC(=O)Cc1ccc(O)cc1,True,2,10,No_Exp
CCOC(=O)CC(O)CC(=O)OCC,True,2,7,No_Exp
CCOC(=O)CC(O)(CC(=O)OCC)C(=O)OCC,True,3,7,No_Exp
CCOC(=O)CC(C)O,True,2,8,No_Exp
CCOC(=O)C1CCC(O)CC1,True,2,9,No_Exp
CCOC(=O)c1ccc(O)nc1,True,2,9,No_Exp
CCOC(=O)c1cn(C(=O)OC(C)(C)C)nc1O,True,2,17,No_Exp
CCOC(=O)c1ccc(O)cc1,True,2,9,No_Exp
CCOC(=O)c1cccc(O)c1,True,2,10,No_Exp
CCOC(=O)c1ccc(O)c(OC)c1,True,2,9,No_Exp
CCOC(=O)c1cnc(C2CC2)nc1O,True,2,14,No_Exp
CCOC(=O)c1sc(-c2ccc(O)c(C=O)c2)nc1C,True,2,12,No_Exp
CCOC(=O)c1c(C)cccc1O,True,2,12,No_Exp
CCOC(=O)C1(CO)CC1,True,1,7,No_Exp
CCOC(=O)C[C@@H](O)CC#N,True,2,7,No_Exp
CCOC(=O)C[C@H](C)O,True,2,8,No_Exp
CCOC(=O)C[C@H](O)CCl,True,2,7,No_Exp
CCOC(=O)C[C@H](O)CC#N,True,2,7,No_Exp
CCOC(=O)C[C@@H](C)O,True,2,8,No_Exp
CCOC(=O)C(O)c1ccccc1,True,2,6,No_Exp
C=C(CO)C(=O)OCC,True,1,3,No_Exp
CCOC(=O)[C@H]1CC[C@H](O)CC1,True,2,9,No_Exp
CCOC(=O)[C@@H](O)c1ccccc1,True,2,6,No_Exp
CCOC(=O)[C@H](O)CCc1ccccc1,True,2,6,No_Exp
CCOC(=O)[C@@H](C)O,True,2,7,No_Exp
CCOC(=O)[C@H](Cc1ccc(O)cc1)NC(=O)OC(C)(C)C,True,2,11,No_Exp
CCOC(=O)[C@H](Cc1ccc(O)cc1)NC(=O)c1ccccc1,True,2,11,No_Exp
CCO,True,1,2,React
CCCO,True,1,3,No_Exp
CCCCOCCOCCOCCO,True,1,13,No_Exp
CCCCOCCO,True,1,7,No_Exp
CCCCOCCCCO,True,1,9,No_Exp
CCCCOCc1ccc(O)c(OC)c1,True,2,10,No_Exp
CCCCOc1ccc(O)cc1,True,2,9,No_Exp
CCCCOC(=O)c1ccc(O)cc1,True,2,11,No_Exp
CCCCCCCO,True,1,7,No_Exp
CCCCCCCCOc1ccc(C(=O)c2ccccc2)c(O)c1,True,2,22,No_Exp
CCCCCCCCCCO,True,1,10,No_Exp
CCCCCCCCCCCCO,True,1,12,No_Exp
CCCCCCCCCCCCCO,True,1,13,No_Exp
CCCCCCCCCCCCCCO,True,1,14,No_Exp
CCCCCCCCCCCCCCCO,True,1,15,No_Exp
CCCCCCCCCCCCCCCCO,True,1,16,No_Exp
CCCCCCCCCCCCCCCCCO,True,1,17,No_Exp
CCCCCCCCCCCCCCCCCCCCCCO,True,1,22,No_Exp
CCCCCCCCCCCCCCCCCCCCCCCCCCCCCCO,True,1,30,No_Exp
CCCCCCCCCCCCCCCC(=O)OC[C@@H](O)COP(=O)([O-])OCC[N+](C)(C)C,True,2,20,No_Exp
CCCCCCCCCCC(CO)CCCCCCCC,True,1,12,No_Exp
CCCCCCCCC(O)CCCCCCCC,True,2,9,No_Exp
CCCCCCCCC(=O)NCc1ccc(O)c(OC)c1,True,2,16,No_Exp
CCCCCCCCC(CO)CCCCCC,True,1,10,No_Exp
CCCCCCCC/C=C\CCCCCCCC(=O)OC[C@@H](O)C1OC[C@H](OC(=O)CCCCCCC/C=C\CCCCCCCC)[C@H]1OC(=O)CCCCCCC/C=C\CCCCCCCC,True,2,22,No_Exp
CCCCCCC(CO)CCCC,True,1,8,No_Exp
CCCCCCC(=O)c1ccc(O)cc1,True,2,12,No_Exp
CCCCCCC(=O)O[C@H]1CC[C@H]2[C@@H]3CCc4cc(O)ccc4[C@H]3CC[C@]12C,True,2,19,No_Exp
CCCCCc1ccc(O)cc1,True,2,9,No_Exp
CCCCCC[C@@H](C)O,True,2,8,No_Exp
CCCCCC(O)CCCCC,True,2,6,No_Exp
C=CC(O)CCCCC,True,2,3,No_Exp
CCCCCC(C)O,True,2,7,No_Exp
CCCCc1nc(Cl)c(CO)n1Cc1ccc(-c2ccccc2-c2nn[nH]n2)cc1,True,1,10,No_Exp
CCCCC/C=C\C/C=C\CCCCCCCCO,True,1,18,React
CCCCC(CC)COC(=O)c1ccccc1O,True,2,17,No_Exp
CCCCC(CC)CO,True,1,8,No_Exp
CCCCC(CC)CCC(C)c1ccc2cccnc2c1O,True,2,21,No_Exp
CCCCC(C)O,True,2,6,No_Exp
C#CC(O)CCCC,True,2,3,No_Exp
CCCCC(=O)c1ccc(O)cc1,True,2,10,No_Exp
CCCCC#CCO,True,1,7,No_Exp
CCCCC#CCCO,True,1,8,No_Exp
CCCc1ccc(O)cc1,True,2,7,No_Exp
CCCC1=CC(=O)OC1O,True,2,9,No_Exp
CCCc1ccc(O)c(OC)c1,True,2,7,No_Exp
CCCC[C@@H](C)O,True,2,6,No_Exp
CCCC(C)(CO)COC(=O)NC(C)C,True,1,6,No_Exp
CCCC(CCO)SC,True,1,6,No_Exp
CCCC(O)CC,True,2,4,No_Exp
CCCC(=O)c1ccc(O)cc1,True,2,9,No_Exp
C=CC(O)CCC,True,2,3,No_Exp
CCCC(C)O,True,2,5,No_Exp
CCCC(C)CO,True,1,6,No_Exp
C#CC(O)CCC,True,2,3,No_Exp
CCCC#CCO,True,1,6,No_Exp
CCCC#CCCO,True,1,7,No_Exp
CCc1ccc(CCO)nc1,True,1,8,No_Exp
CCc1ccccc1O,True,2,8,No_Exp
CCc1ccccc1CO,True,1,9,No_Exp
CCc1ccc(O)cc1,True,2,6,No_Exp
CCc1cccc(O)c1,True,2,7,No_Exp
CCc1ccc(O)c(OC)c1,True,2,6,No_Exp
CCc1cc(C(C)(C)C)c(O)c(C(C)(C)C)c1,True,2,10,No_Exp
CCc1c2c(nc3ccccc13)-c1cc3c(c(=O)n1C2)COC(=O)[C@]3(O)CC,True,3,25,No_Exp
CCc1oc2ccccc2c1C(=O)c1cc(Br)c(O)c(Br)c1,True,2,18,No_Exp
CCc1c(Cl)cc([N+](=O)[O-])c(O)c1Cl,True,2,11,No_Exp
CCC1(CO)COC1,True,1,4,No_Exp
CCC1(O)CCCCC1,True,3,3,No_Exp
CCC1(O)C2CC3CC(C2)CC1C3,True,3,3,No_Exp
CCC/C=C/CO,True,1,6,No_Exp
CCC(O)CC,True,2,3,No_Exp
CCC(CC)CO,True,1,6,No_Exp
CCC(O)c1ccccc1,True,2,3,No_Exp
CCC(=O)c1cccc(O)c1,True,2,9,No_Exp
CCC(C)OC(=O)N1CCCCC1CCO,True,1,15,No_Exp
CCC(C)CO,True,1,5,No_Exp
CCC(C)c1ccccc1O,True,2,10,No_Exp
CCC(C)(O)CCCC(C)C,True,3,4,No_Exp
CCC(C)(O)CCC=C(C)C,True,3,4,No_Exp
CCC(C)(O)CC,True,3,4,No_Exp
CCC(C)(C)O,True,3,5,No_Exp
CCC(C)(C)c1ccc(O)cc1,True,2,9,No_Exp
CCC(C)(C)C(=O)O[C@H]1C[C@@H](C)C=C2C=C[C@H](C)[C@H](CC[C@@H]3C[C@@H](O)CC(=O)O3)[C@H]21,True,2,24,No_Exp
CCC(=O)O[C@]1(C(=O)SCF)[C@H](C)C[C@H]2[C@@H]3C[C@H](F)C4=CC(=O)C=C[C@]4(C)[C@@]3(F)[C@@H](O)C[C@@]21C,True,2,30,No_Exp
CCC(=O)O[C@]1(C(=O)CCl)[C@@H](C)C[C@H]2[C@@H]3C[C@H](F)C4=CC(=O)C=C[C@]4(C)[C@@]3(F)[C@@H](O)C[C@@]21C,True,2,29,No_Exp
CCC(=O)CO,True,1,5,No_Exp
CCC(=O)c1ccccc1O,True,2,10,No_Exp
CCC(=O)c1ccc(O)cc1,True,2,8,No_Exp
CCC#CCO,True,1,5,No_Exp
CCC#CCCCCCCCCO,True,1,12,No_Exp
CC1CCC(O)CC1,True,2,5,No_Exp
CC1CC(O)CCO1,True,2,4,No_Exp
CC1CC(OC(=O)c2ccccc2O)CC(C)(C)C1,True,2,13,No_Exp
CC1CC(O)CC(C)(C)C1,True,2,4,No_Exp
CC1CC(C(C)(C)C)C(O)C(C(C)(C)C)C1,True,2,9,No_React
CC12CC3CC(C)(C1)CC(O)(C3)C2,True,3,10,No_Exp
Cc1noc(CO)n1,True,1,6,No_Exp
Cc1cc(O)n2ncnc2n1,True,2,4,No_Exp
Cc1ccc2cccc(O)c2n1,True,2,9,No_Exp
Cc1ccc2c(Cl)cc(Cl)c(O)c2n1,True,2,11,No_Exp
Cc1ncc([N+](=O)[O-])n1CCO,True,1,11,No_Exp
Cc1ncc([N+](=O)[O-])n1CC(O)CCl,True,2,11,No_React
Cc1nc(O)ccc1Br,True,2,4,No_Exp
Cc1ccnc(O)n1,True,2,6,No_Exp
Cc1cc(O)nc(C)n1,True,2,4,No_Exp
Cc1cccc(CO)n1,True,1,7,No_Exp
Cc1nc(C)c(CO)nc1C,True,1,7,No_Exp
Cc1nc(O)c(C#N)cc1-c1ccncc1,True,2,4,No_Exp
Cc1ccc(O)c(Br)n1,True,2,5,No_Exp
Cc1cc(C(F)(F)F)c(C#N)c(O)n1,True,2,12,No_Exp
Cc1cnccc1CO,True,1,8,No_Exp
Cc1ccc(O)nc1,True,2,5,No_Exp
COc1ccc(C(OC[C@H]2O[C@@H](n3cc(C)c(=O)[nH]c3=O)C[C@@H]2O)(c2ccccc2)c2ccc(OC)cc2)cc1,True,2,23,No_Exp
CC1=CCC(C(C)(C)O)CC1,True,3,8,No_Exp
Cc1ccncc1O,True,2,7,No_React
Cc1cccnc1CO,True,1,8,No_Exp
Cc1ccccc1CO,True,1,8,No_Exp
Cc1ccccc1CCO,True,1,9,No_Exp
Cc1ccccc1C(C)O,True,2,9,No_Exp
Cc1ccc(O)cc1Cl,True,2,5,No_Exp
Cc1ccc(O)cc1Br,True,2,5,No_Exp
Cc1ccc(CO)o1,True,1,6,No_Exp
Cc1ccc(O)cc1C,True,2,5,No_Exp
COC(=O)c1cc(O)ccc1C,True,2,7,No_Exp
Cc1ccc(S(=O)(=O)OCCOCCOCCO)cc1,True,1,17,No_Exp
Cc1ccc(O)cc1,True,2,5,No_Exp
Cc1ccc(CO)cc1,True,1,6,No_Exp
Cc1ccc(CCO)cc1,True,1,7,No_Exp
Cc1ccc(C(C)O)cc1,True,2,7,No_Exp
Cc1ccc(O)c(C)n1,True,2,5,No_Exp
Cc1ccc(Br)cc1O,True,2,8,No_Exp
CC(=O)Nc1cc(C)ccc1O,True,2,11,No_Exp
Cc1cc(C)cc(CO)c1,True,1,8,No_Exp
Cc1cc(=O)oc2cc(O)ccc12,True,2,9,No_Exp
Cc1cc(O)no1,True,2,4,No_Exp
Cc1cc(O)nnc1Cl,True,2,4,No_Exp
Cc1cc(O)ncc1Br,True,2,4,No_Exp
Cc1cc(O)ncc1[N+](=O)[O-],True,2,4,No_Exp
Cc1ccnc(O)c1,True,2,6,No_Exp
CSc1nc(C)cc(O)n1,True,2,8,No_Exp
Cc1cc(C)nc(O)n1,True,2,7,No_Exp
Cc1cc(C)c(C#N)c(O)n1,True,2,9,No_Exp
CSc1ccc(O)cc1C,True,2,6,No_Exp
Cc1cc(I)ccc1O,True,2,8,No_Exp
Cc1cc(F)ccc1O,True,2,8,No_Exp
Cc1cc(Cl)ccc1O,True,2,8,No_Exp
Cc1cc(C=O)ccc1O,True,2,9,No_Exp
COC(=O)c1ccc(O)c(C)c1,True,2,8,No_Exp
CC(=O)c1ccc(O)c(C)c1,True,2,7,No_Exp
Cc1cc([N+](=O)[O-])ccc1O,True,2,10,No_Exp
Cc1cc(O)ccc1I,True,2,4,No_Exp
Cc1cc(O)ccc1F,True,2,4,No_Exp
COC(=O)c1ccc(O)cc1C,True,2,8,No_Exp
CC(=O)c1ccc(O)cc1C,True,2,7,No_Exp
Cc1cc(O)ccc1[N+](=O)[O-],True,2,4,No_Exp
Cc1cccc(CO)c1,True,1,7,No_Exp
Cc1cccc(CC(C)(C)CO)c1,True,1,11,No_Exp
Cc1cc(O)cc(=O)o1,True,2,4,No_Exp
Cc1cc(O)cc(Br)c1,True,2,4,No_Exp
Cc1cc(C)c(CO)c(C)c1,True,1,7,No_Exp
Cc1cc(O)c(C(C)(C)C)cc1C(C)(C)C,True,2,4,No_Exp
COc1cc(C)ccc1O,True,2,9,No_Exp
Cc1ccc(O)c(-n2nc3ccccc3n2)c1,True,2,5,No_Exp
Cc1ccc(O)c(Cl)c1,True,2,5,No_Exp
Cc1ccc(O)c(C=O)c1,True,2,5,No_Exp
CC(=O)c1cc(C)ccc1O,True,2,10,No_Exp
Cc1ccc(O)c(C)c1,True,2,5,No_Exp
Cc1ccc(O)c(Br)c1,True,2,5,No_Exp
Cc1ccc(C=O)c(O)c1,True,2,8,No_Exp
Cc1ccc(C(C)(C)C)c(O)c1,True,2,10,No_Exp
COC(=O)c1ccc(C)cc1O,True,2,11,No_Exp
CC(=O)c1ccc(C)cc1O,True,2,10,No_Exp
Cc1ccc(Br)c(O)c1,True,2,7,No_Exp
Cc1ccc([N+](=O)[O-])c(O)c1,True,2,9,No_Exp
Cc1ccc(C)c(O)c1,True,2,7,No_Exp
Cc1cc(C)c(C)c(O)c1,True,2,8,No_Exp
Cc1cc(C=O)c(O)c(C=O)c1,True,2,7,No_Exp
Cc1cc(C)c(O)c(C)c1,True,2,6,No_Exp
Cc1cc(C(C)(C)C)c(O)c(C(C)(C)C)c1,True,2,9,No_React
Cc1cc(Br)cc(Cl)c1O,True,2,9,No_Exp
Cc1cc(I)cc(C)c1O,True,2,9,No_Exp
Cc1oc(=O)oc1CO,True,1,8,No_Exp
Cc1nc[nH]c1CO,True,1,7,No_Exp
Cc1c(Br)cccc1CO,True,1,9,No_Exp
Cc1ncsc1CCO,True,1,8,No_Exp
Cc1cccc(O)c1C=O,True,2,6,No_Exp
Cc1cc(O)cc(C)c1C=O,True,2,4,No_Exp
Cc1ncccc1O,True,2,7,No_Exp
Cc1c(O)cccc1Cl,True,2,3,No_Exp
COC(=O)c1cccc(O)c1C,True,2,9,No_Exp
Cc1c(O)cccc1[N+](=O)[O-],True,2,3,No_Exp
Cc1c(CO)cccc1-c1ccccc1,True,1,4,No_Exp
Cc1ccc(O)cc1[N+](=O)[O-],True,2,5,No_Exp
Cc1ccc([N+](=O)[O-])cc1O,True,2,10,No_Exp
Cc1ccc(C)c(O)c1C,True,2,7,No_Exp
Cc1occc(=O)c1O,True,2,8,No_Exp
Cc1c(O)c(=O)ccn1C,True,2,3,No_Exp
CC(=O)c1c(C)cccc1O,True,2,10,No_Exp
Cc1cccc(O)c1Br,True,2,6,No_Exp
Cc1cccc(O)c1[N+](=O)[O-],True,2,6,No_Exp
Cc1cccc(Cl)c1O,True,2,8,No_Exp
Cc1cccc(C=O)c1O,True,2,9,No_Exp
Cc1cccc(C(C)(C)C)c1O,True,2,11,No_Exp
Cc1cccc([N+](=O)[O-])c1O,True,2,10,No_Exp
Cc1cc(O)cc(C)c1Cl,True,2,4,No_Exp
Cc1cc(C=O)cc(C)c1O,True,2,10,No_Exp
Cc1cc(C#N)cc(C)c1O,True,2,10,No_Exp
Cc1cc([N+](=O)[O-])cc(C)c1O,True,2,11,No_Exp
COc1c(C)cnc(CO)c1C,True,1,9,No_Exp
Cc1cnc(CO)c(C)c1[N+](=O)[O-],True,1,6,No_Exp
Cc1cc(O)cc(C)c1C#N,True,2,4,No_Exp
CC1(CO)COC1,True,1,3,No_Exp
CC1(O)CCOCC1,True,3,2,No_Exp
CC1(O)CCCCCC1,True,3,2,No_Exp
CC1(O)CCCCC1,True,3,2,No_Exp
CC1(O)CCCC1,True,3,2,No_Exp
CC1(O)CCC1,True,3,2,No_Exp
CC1(O)C2CC3CC(C2)CC1C3,True,3,2,No_Exp
CC1(C)OCC(CO)O1,True,1,7,No_Exp
CC1(C)OC[C@H](CO)O1,True,1,7,No_Exp
CC1(C)O[C@H]2O[C@H]([C@H]3COC(C)(C)O3)[C@H](O)[C@H]2O1,True,2,15,No_Exp
CC1(C)OC[C@@H](CO)O1,True,1,7,No_Exp
CC1(C)O[C@@H]2O[C@@H](C(=O)N3CCOCC3)[C@@H](O)[C@@H]2O1,True,2,16,No_Exp
CO[C@@H]1O[C@H](CO)[C@H]2OC(C)(C)O[C@@H]12,True,1,6,No_Exp
CC1(C)COC(=O)[C@@H]1O,True,2,8,No_Exp
CC1(C)c2ccccc2N(CCO)C12C=Cc1cc([N+](=O)[O-])ccc1O2,True,1,12,No_Exp
CC1(C)OB(c2cnn(CCO)c2)OC1(C)C,True,1,11,No_Exp
CC1(C)OB(c2ccccc2O)OC1(C)C,True,2,11,No_Exp
CC1(C)OB(c2cccc(CO)c2)OC1(C)C,True,1,11,No_Exp
CC1(C)OB(c2ccc(O)cc2)OC1(C)C,True,2,9,No_Exp
CC1(C)OB(c2ccc(CO)cc2)OC1(C)C,True,1,10,No_Exp
CC1(C)OB(c2cccc(O)c2)OC1(C)C,True,2,10,No_Exp
CC1(C)[C@@H]2CC[C@@]1(C)[C@@H](O)C2,True,2,9,No_Exp
CC1(C)[C@@H]2CC[C@@]1(C)[C@H](O)C2,True,2,9,No_Exp
CC1(C)[C@H]2CC=C(CCO)[C@@H]1C2,True,1,9,No_Exp
CC=Cc1cc(OC)c2c(c1)C(C)C(c1ccc(O)c(OC)c1)O2,True,2,18,No_Exp
CC=Cc1ccc(O)c(OC)c1,True,2,7,No_Exp
CC[C@H](C)C(=O)O[C@H]1C[C@@H](C)C=C2C=C[C@H](C)[C@H](CC[C@@H]3C[C@@H](O)CC(=O)O3)[C@H]21,True,2,23,No_Exp
CC/C=C\CO,True,1,5,No_Exp
CC/C=C\CCO,True,1,6,No_Exp
COCC(C)OCC(C)O,True,2,9,No_Exp
CC(=O)OCC(=O)[C@@]1(O)CC[C@H]2[C@@H]3CCC4=CC(=O)CC[C@]4(C)C3=CC[C@@]21C,True,3,8,No_Exp
COC(C)CCO,True,1,6,No_Exp
CC(O)c1ccccc1[N+](=O)[O-],True,2,2,No_Exp
CC(O)c1ccc(Cl)cc1,True,2,2,No_Exp
CC(O)c1cc(C(F)(F)F)cc(C(F)(F)F)c1,True,2,2,No_Exp
CC(O)c1cc2c(cc1[N+](=O)[O-])OCO2,True,2,2,No_Exp
CC(C)(O)c1ccncc1,True,3,3,No_Exp
CC(C)(O)CBr,True,3,3,No_Exp
CC(=O)NCCO,True,1,6,No_Exp
CC(=O)NC1CCC(O)CC1,True,2,8,No_Exp
CC(=O)Nc1ccccc1O,True,2,10,No_Exp
CC(=O)Nc1ccc(O)cc1,True,2,8,No_Exp
COC(=O)c1ccc(NC(C)=O)cc1O,True,2,14,No_Exp
COC(=O)c1cc(Cl)c(NC(C)=O)cc1O,True,2,15,No_Exp
CC(CO)NC(=O)OC(C)(C)C,True,1,3,No_Exp
CC(O)COc1ccccc1,True,2,2,No_Exp
COCC(C)O,True,2,5,No_Exp
CC(CO)Oc1ccccc1,True,1,3,No_Exp
CC(CO)c1ccccc1,True,1,3,No_Exp
Cc1ncc([N+](=O)[O-])n1CC(C)O,True,2,12,No_Exp
CC(=CCO)CCCC(C)CCCC(C)CCCC(C)C,True,1,4,No_Exp
CC(O)c1ccccc1,True,2,2,No_Exp
CC(O)(c1ccccc1)c1ccccc1,True,3,2,No_Exp
CC(C)(c1ccccc1)c1ccc(O)cc1,True,2,13,No_Exp
CC(=O)c1ccc(O)c(C(N)=O)c1,True,2,7,No_Exp
COc1ccc(C(C)O)cc1,True,2,8,No_Exp
CC(O)c1ccc(F)cc1,True,2,2,No_Exp
CC(O)c1ccc(C(F)(F)F)cc1,True,2,2,No_Exp
CC(O)c1ccc(Br)cc1,True,2,2,No_Exp
CC(C)(C)c1cc(O)cc(C(C)(C)C)c1,True,2,7,No_Exp
CC(C)(C)c1cc(Br)c(O)c(Br)c1,True,2,9,No_Exp
CC(O)c1cccc(C(F)(F)F)c1,True,2,2,No_Exp
CC(=O)Nc1ccc(O)c(C(C)=O)c1,True,2,8,No_Exp
CC(C)OCCO,True,1,6,No_Exp
CC(C)Oc1ccccc1O,True,2,10,No_Exp
CC(C)CCO,True,1,5,No_Exp
CC(C)CCCO,True,1,6,No_Exp
CC(C)CCCC(C)CCO,True,1,10,No_Exp
Cc1c(C)c2c(c(C)c1OC(=O)CCC(=O)OCCOCCOCCO)CCC(C)(CCCC(C)CCCC(C)CCCC(C)C)O2,True,1,25,No_Exp
Cc1c(C)c2c(c(C)c1O)CCC(C)(CCCC(C)CCCC(C)CCCC(C)C)O2,True,2,9,No_Exp
Cc1c(C)c2c(c(C)c1O)CC[C@@](C)(CCC[C@H](C)CCC[C@H](C)CCCC(C)C)O2,True,2,9,No_Exp
C=C1CC[C@H](O)C/C1=C/C=C1\CCC[C@]2(C)[C@@H]([C@H](C)CCCC(C)C)CC[C@@H]12,True,2,5,No_Exp
CC(C)CC(C)O,True,2,6,No_Exp
CC(C)c1ccccc1O,True,2,9,No_Exp
CC(C)c1ccc(O)cc1,True,2,7,No_Exp
Cc1cc(O)c(C(C)C)cc1Cl,True,2,4,No_Exp
Cc1ccc(C(C)C)cc1O,True,2,10,No_Exp
Cc1ccc(C(C)C)c(O)c1,True,2,9,No_Exp
CC(C)c1cccc(C(C)C)c1O,True,2,12,No_Exp
CC(C)C(=O)OCC(C)(C)C(O)C(C)C,True,2,11,No_Exp
CC(C)C(C)O,True,2,5,No_Exp
CC(C)C(O)C(C)C,True,2,4,No_React
CC(C)[C@]12O[C@H]1[C@@H]1O[C@]13[C@]1(O[C@H]1C[C@H]1C4=C(CC[C@@]13C)C(=O)OC4)[C@@H]2O,True,2,25,No_Exp
CC(C)[C@@H]1CC[C@@H](C)C[C@H]1O,True,2,10,No_Exp
C=C1CC[C@H](O)C/C1=C/C=C1\CCC[C@]2(C)[C@@H]([C@H](C)/C=C/[C@H](C)C(C)C)CC[C@@H]12,True,2,5,No_Exp
CC1=CC[C@@](O)(C(C)C)CC1,True,3,5,No_Exp
COC(C)(C)CCO,True,1,7,No_Exp
CC(C)(C)OC(=O)NCCOCCOCCO,True,1,16,No_Exp
CC(C)(C)OC(=O)NCCOCCO,True,1,13,No_Exp
CC(C)(C)OC(=O)NCCCO,True,1,11,No_Exp
CC(C)(C)OC(=O)NC1CCC(O)CC1,True,2,12,No_Exp
CC(C)(C)OC(=O)NC1(CO)CC1,True,1,10,No_Exp
CC(C)(C)OC(=O)N[C@H]1CCCC[C@@H]1O,True,2,14,No_React
CC(C)(C)OC(=O)N[C@H]1CC[C@H](O)CC1,True,2,12,No_Exp
CC(C)(C)OC(=O)N[C@H]1CC[C@H](CO)CC1,True,1,13,No_Exp
CC(C)(C)OC(=O)N[C@H](CO)Cc1ccccc1,True,1,10,No_Exp
CC(C)(C)OC(=O)N[C@@H](CO)c1ccccc1,True,1,10,No_Exp
CC(C)(C)OC(=O)N[C@@H](CO)C(=O)OCc1ccccc1,True,1,10,No_Exp
COC(=O)[C@H](CO)NC(=O)OC(C)(C)C,True,1,6,No_Exp
CC(C)(C)OC(=O)N[C@@H](CO)Cc1ccccc1,True,1,10,No_Exp
CC(C)(C)OC(=O)N[C@H](CO)C1CCCCC1,True,1,10,No_Exp
CC(C)(C)OC(=O)N[C@H](CO)c1ccccc1,True,1,10,No_Exp
COC(=O)[C@@H](CO)NC(=O)OC(C)(C)C,True,1,6,No_Exp
COC(=O)[C@@H](Cc1ccc(O)cc1)NC(=O)OC(C)(C)C,True,2,10,No_Exp
CC(C)(C)OC(=O)N[C@@H](Cc1ccc(O)cc1)C(=O)OC(C)(C)C,True,2,14,No_Exp
CC(C)(O)c1ccc(Br)cc1,True,3,3,No_Exp
CC(C)(O)C(N)=O,True,3,3,No_Exp
CC(C)(F)CO,True,1,5,No_Exp
CC(C)(O)Cn1cc(B2OC(C)(C)C(C)(C)O2)cn1,True,3,3,No_Exp
CC(C)(O)CCl,True,3,3,No_Exp
CC(C)(O)CCc1ccccc1,True,3,3,No_Exp
CC(C)(O)Cc1ccccc1,True,3,3,No_Exp
CC(C)(O)c1ccccc1CC[C@@H](SCC1(CC(=O)[O-])CC1)c1cccc(/C=C/c2ccc3ccc(Cl)cc3n2)c1,True,3,3,No_Exp
CC(C)(O)c1ccccc1,True,3,3,No_Exp
CC(C)(C)OCCO,True,1,7,No_Exp
CCOC(=O)[C@@H]1C[C@@H](O)CN1C(=O)OC(C)(C)C,True,2,8,No_Exp
CC(C)(C)OC(=O)Nc1ccc(O)cc1,True,2,12,No_Exp
CC(C)(C)OC(=O)NC(CO)c1ccccc1,True,1,10,No_Exp
CC(C)(C)OC(=O)N1CCOCC1CO,True,1,14,No_Exp
CC(C)(C)OC(=O)N1CCO[C@@H](CO)C1,True,1,13,No_Exp
CC(C)(C)OC(=O)N1CCO[C@H](CO)C1,True,1,13,No_Exp
CC(C)(C)OC(=O)N1CCCCC1CO,True,1,14,No_Exp
CC(C)(C)OC(=O)N1CCCC1CO,True,1,13,No_Exp
CC(C)(C)OC(=O)N1CCCC(O)CC1,True,2,12,No_Exp
CC(C)(C)OC(=O)N1CCCC(O)C1,True,2,12,No_Exp
CC1(O)CCCN(C(=O)OC(C)(C)C)C1,True,3,2,No_Exp
CC(C)(C)OC(=O)N1CCC2(CC(O)C2)C1,True,2,13,No_Exp
CC(C)(C)OC(=O)N1CCC[C@H]1CO,True,1,13,No_Exp
CC(C)(C)OC(=O)N1CCC[C@@H](O)C1,True,2,12,No_Exp
CC(C)(C)OC(=O)N1CCC[C@@H](CO)C1,True,1,13,No_Exp
CC(C)(C)OC(=O)N1CCC[C@@H]1CO,True,1,13,No_Exp
CC(C)(C)OC(=O)N1CCC[C@H](CO)C1,True,1,13,No_Exp
CC(C)(C)OC(=O)N1CCC(CCCO)CC1,True,1,14,No_Exp
CC(C)(C)OC(=O)N1CCC(O)CC1,True,2,11,No_Exp
CC(C)(C)OC(=O)N1CCC(CO)CC1,True,1,12,No_Exp
CC(C)(C)OC(=O)N1CCC(CCO)CC1,True,1,13,No_Exp
CC(C)(C)OC(=O)N1CCC(F)(CO)CC1,True,1,13,No_Exp
CC1(O)CCN(C(=O)OC(C)(C)C)CC1,True,3,2,No_Exp
CC1(CO)CCN(C(=O)OC(C)(C)C)CC1,True,1,3,No_Exp
CC1(O)CCN(C(=O)OC(C)(C)C)C1,True,3,2,No_Exp
CC(C)(C)OC(=O)N1CC2(CC(O)C2)C1,True,2,12,No_Exp
CC(C)(C)OC(=O)N1CC[C@@H](O)C1,True,2,11,No_Exp
CC(C)(C)OC(=O)N1CC[C@H](O)C1,True,2,11,No_Exp
CC(C)(C)OC(=O)N1CC(CO)C1,True,1,11,No_Exp
COC(=O)[C@@H]1C[C@H](O)CN1C(=O)OC(C)(C)C,True,2,7,No_React
COC(=O)[C@@H]1C[C@@H](O)CN1C(=O)OC(C)(C)C,True,2,7,No_Exp
COC(=O)[C@H]1C[C@@H](O)CN1C(=O)OC(C)(C)C,True,2,7,No_Exp
CN(C(=O)OC(C)(C)C)[C@H]1CC[C@H](O)CC1,True,2,13,No_Exp
CC(C)(C)OC(=O)CO,True,1,8,No_Exp
CC(C)(C)OC(=O)CCOCCOCCOCCOCCO,True,1,21,No_Exp
CC(C)(C)OC(=O)CCOCCOCCO,True,1,15,No_Exp
CC(C)(C)OC(=O)CCCO,True,1,10,No_Exp
CC(C)(C)CCO,True,1,6,No_Exp
CC(C)(C)CC(C)(C)c1ccc(OCCOCCOCCOCCOCCOCCOCCO)cc1,True,1,33,No_Exp
CC(C)(C)CC(C)(C)c1ccc(O)cc1,True,2,12,No_Exp
CC(C)(C)CC(C)(C)c1ccc(O)c(-n2nc3ccccc3n2)c1,True,2,12,No_Exp
CC(C)(C)C1CCC(O)CC1,True,2,8,No_Exp
CC(C)(C)c1ccccc1O,True,2,10,No_Exp
CC(C)(C)c1cccc(C=O)c1O,True,2,12,No_Exp
CC(C)(C)c1ccc(CO)cc1,True,1,9,No_Exp
CC(C)(C)c1ccc(CCO)cc1,True,1,10,No_Exp
CC(C)(C)c1cccc(O)c1,True,2,9,No_Exp
CC(C)(C)c1ccc(O)c(I)c1,True,2,8,No_Exp
CC(C)(C)c1ccc(O)c(C(C)(C)C)c1,True,2,8,No_Exp
CC(C)(C)c1ccc(O)c(Br)c1,True,2,8,No_Exp
CC(C)(C)c1cc(-n2nc3ccc(Cl)cc3n2)c(O)c(C(C)(C)C)c1,True,2,18,No_Exp
CC(C)(C)c1cc(C(C)(C)C)c(O)c(C(C)(C)C)c1,True,2,12,No_Exp
CC(C)(C)c1cc(Br)ccc1O,True,2,11,No_Exp
CC(C)(C)c1cccc(C(C)(C)C)c1O,True,2,14,No_Exp
COC(=O)CCc1cc(C(C)(C)C)c(O)c(C(C)(C)C)c1,True,2,14,No_Exp
CC(C)(C)c1cc(C=O)cc(C(C)(C)C)c1O,True,2,16,No_Exp
CC(C)(C)c1cc(Br)cc(C(C)(C)C)c1O,True,2,15,No_Exp
CC(C)(C)C(O)/C(=C/c1ccc(Cl)cc1Cl)n1cncn1,True,2,5,No_Exp
CC(C)(C)C(O)/C(=C\c1ccc(Cl)cc1Cl)n1cncn1,True,2,5,No_Exp
CC(C)(C)[Si](C)(C)OCCO,True,1,10,No_React
CC(C)(C)[Si](C)(C)OCCCCO,True,1,12,No_Exp
COC(=O)C(C)(C)O,True,3,7,No_Exp
CC(C)(O)C(=O)c1ccccc1,True,3,3,No_Exp
CC(C)(O)C#C[Si](C)(C)C,True,3,3,No_Exp
C=C(C)C(=O)OCC(C)O,True,2,9,No_Exp
CC(O)(CS(=O)(=O)c1ccc(F)cc1)C(=O)Nc1ccc(C#N)c(C(F)(F)F)c1,True,3,2,No_Exp
CC(O)(C(F)(F)F)C(F)(F)F,True,3,2,No_Exp
COC(=O)C(C)O,True,2,6,No_Exp
CC(=O)OCCO,True,1,6,No_Exp
CC(=O)OC[C@H]1O[C@@H](n2cnc3c(O)ncnc32)[C@H](OC(C)=O)[C@@H]1OC(C)=O,True,2,13,No_Exp
CC(=O)OC[C@H]1O[C@@H](OC(C)=O)[C@@H](O)[C@@H](OC(C)=O)[C@@H]1OC(C)=O,True,2,13,No_Exp
COC(=O)c1cc(Cl)c(NC(C)=O)c(Br)c1O,True,2,16,No_Exp
CC(=O)CCO,True,1,5,No_Exp
CC(=O)CCc1ccc(O)cc1,True,2,9,No_Exp
COc1cc(CCC(C)=O)ccc1O,True,2,13,No_Exp
CC(=O)CC(C)(C)O,True,3,7,No_Exp
CC(=O)c1ccccc1O,True,2,9,No_Exp
CC(=O)c1ccc(Br)cc1O,True,2,10,No_Exp
CC(=O)c1ccc(O)c(F)c1,True,2,7,No_Exp
COC(=O)c1cc(C(C)=O)ccc1O,True,2,13,No_Exp
CC(=O)c1ccc(O)c([N+](=O)[O-])c1,True,2,7,No_Exp
CC(=O)c1ccc2ccccc2c1O,True,2,13,No_Exp
COc1cccc(O)c1C(C)=O,True,2,7,No_Exp
COc1ccc(O)c(C(C)=O)c1,True,2,6,No_Exp
CC(=O)c1cc(F)ccc1O,True,2,10,No_Exp
CC(=O)c1cc(Cl)ccc1O,True,2,10,No_Exp
CC(=O)c1cc(C#N)ccc1O,True,2,11,No_Exp
CC(=O)c1cc(Br)ccc1O,True,2,10,No_Exp
CC(=O)c1cc([N+](=O)[O-])ccc1O,True,2,12,No_Exp
COc1cc(O)c(C(C)=O)c(OC)c1,True,2,5,No_Exp
COc1ccc(C(C)=O)c(O)c1,True,2,10,No_Exp
CC(=O)c1ccc(Cl)cc1O,True,2,10,No_Exp
CC(=O)c1cc(Cl)cc(Br)c1O,True,2,11,No_Exp
CC(=O)c1cc(Cl)cc([N+](=O)[O-])c1O,True,2,13,No_Exp
COc1cc(C=CC(C)=O)ccc1O,True,2,13,No_Exp
CC(=O)C(C)(C)O,True,3,6,No_Exp
CC(C)=CCO,True,1,5,No_Exp
CC(C)=CCCC(C)CCO,True,1,10,No_Exp
CC(C)=CCCC(C)=CCCC(C)=CCO,True,1,15,No_Exp
CC(C)=CCC[C@H](C)CCO,True,1,10,No_Exp
CC(C)=CCC/C(C)=C\CO,True,1,10,React
CC(C)=CCC/C(C)=C/CO,True,1,10,React
CC(C)=CCC/C(C)=C/CC/C(C)=C/CO,True,1,15,No_Exp
CC(C)[C@H](CO)NC(=O)OC(C)(C)C,True,1,5,No_Exp
C=C(C)[C@@H]1CC=C(CO)CC1,True,1,8,No_Exp
CC#CCO,True,1,4,No_Exp
OCC1CCOCC1,True,1,0,No_Exp
OC1CCOC1,True,2,0,No_Exp
OCC1CCOC1,True,1,0,No_Exp
OCC1CCO1,True,1,0,No_Exp
O[C@@H]1CCOC1,True,2,0,No_Exp
OCC1OCCO1,True,1,0,No_Exp
O=C1NCC[C@@H]1O,True,2,6,No_React
OC1CCCCO1,True,2,0,No_Exp
OC1CCCCCC1,True,2,0,No_Exp
OC1CCCCC1,True,2,0,No_Exp
OCCC1CCCCC1,True,1,0,No_Exp
OC(CC1c2ccccc2-c2cncn21)C1CCCCC1,True,2,0,No_Exp
N#CC1(O)CCCCC1,True,3,3,No_Exp
OC1CCCc2cccnc21,True,2,0,No_Exp
O=C1CCCc2cc(O)ccc21,True,2,8,No_Exp
Oc1cccc2c1CCC2,True,2,0,No_Exp
OCC1CCC2(CC1)OCCO2,True,1,0,No_Exp
OCC1CCC2(CC1)CC2,True,1,0,No_Exp
N#CC1(CO)CC1,True,1,4,No_Exp
OCC1CCCO1,True,1,0,No_Exp
OC1CCC(F)(F)CC1,True,2,0,No_Exp
OCC1CCC1,True,1,0,No_Exp
O=C1CCC(CO)O1,True,1,6,No_Exp
O=C1CCc2cc(O)ccc2N1,True,2,7,No_Exp
O=C1CCC(=O)N1CCO,True,1,9,No_Exp
O=C1CCC(O)CC1,True,2,5,No_Exp
OC1C2CC3CC(C2)CC1C3,True,2,0,No_Exp
OC12CC3CC(CC(C3)C1)C2,True,3,0,No_Exp
OCC12CC3CC(CC(C3)C1)C2,True,1,0,No_Exp
O=C1C2CC3CC1CC(O)(C3)C2,True,3,9,No_Exp
O=C1OC2C(O)C3CC1C2C3,True,2,5,No_Exp
OCC1CCC=CO1,True,1,0,No_Exp
OCC1CC(F)(F)C1,True,1,0,No_Exp
OCc1cnccn1,True,1,0,No_Exp
Oc1nc[nH]n1,True,2,0,No_Exp
Oc1cnc(Cl)nc1,True,2,0,No_Exp
NC(=O)c1nccnc1O,True,2,9,No_Exp
OCc1ccsc1,True,1,0,No_Exp
OCc1cccs1,True,1,0,No_Exp
OCCc1cccs1,True,1,0,No_Exp
OCc1ccon1,True,1,0,No_Exp
OCc1ccoc1,True,1,0,No_Exp
OCc1ccco1,True,1,0,No_Exp
Oc1ccn2ncnc2c1,True,2,0,No_Exp
Oc1c[nH]c2nccc-2c1,True,2,0,No_Exp
Oc1nccc(C(F)(F)F)n1,True,2,0,No_Exp
Oc1ccnc(Cl)n1,True,2,0,No_Exp
Oc1ccnc(F)c1,True,2,0,No_Exp
Oc1ccnc(C(F)(F)F)c1,True,2,0,No_Exp
OCc1cc(Br)ccn1,True,1,0,No_Exp
O=[N+]([O-])c1c(O)ccnc1Cl,True,2,5,No_Exp
O=[N+]([O-])c1c(Cl)ccnc1O,True,2,10,No_Exp
OCCn1ccnc1,True,1,0,No_Exp
OCC1CC=CCC1,True,1,0,No_Exp
OC1CC=CC1,True,2,0,No_Exp
OC1CC2C=CC1C2,True,2,0,No_Exp
Oc1cc(C(F)(F)F)c2cc(F)ccc2n1,True,2,0,No_Exp
Oc1cccc2cnc(Cl)nc12,True,2,0,No_Exp
OCc1c2ccccc2cc2ccccc12,True,1,0,No_Exp
O=Cc1ccc2cc(O)ccc2c1,True,2,8,No_Exp
N#Cc1ccc2cc(O)ccc2c1,True,2,8,No_Exp
Oc1ccc2ccc3cccc4ccc1c2c34,True,2,0,No_React
OCc1ccc2ccc3cccc4ccc1c2c34,True,1,0,No_Exp
Oc1ncnc2cc(F)ccc12,True,2,0,No_Exp
O=C1CCCc2c(O)cccc21,True,2,7,No_Exp
O=C1CCc2c(O)cccc21,True,2,6,No_Exp
Oc1cccc2ncccc12,True,2,0,No_Exp
N#Cc1nc2ccc(O)cc2s1,True,2,8,No_Exp
Oc1ccc2c(c1)OCO2,True,2,0,No_Exp
O=c1oc2cc(O)ccc2s1,True,2,6,No_Exp
O=C1OC(=O)c2cc(O)ccc21,True,2,8,No_Exp
OCc1cc2ccccc2s1,True,1,0,No_Exp
OCc1nc2ccccc2[nH]1,True,1,0,No_Exp
Oc1ccc(Cl)c2cccnc12,True,2,0,No_Exp
O=[N+]([O-])c1ccc(O)c2ncccc12,True,2,7,No_Exp
O=Cc1ccc2cccc(O)c2n1,True,2,10,No_Exp
[O-][n+]1cccc2cccc(O)c21,True,2,10,No_Exp
Oc1ccc2cccc(Cl)c2n1,True,2,0,No_Exp
Oc1c(Br)cc(Br)c2cccnc12,True,2,0,No_Exp
Oc1ccc(-c2ccccn2)cc1,True,2,0,No_Exp
OC1Cc2ccccc2C1,True,2,0,No_Exp
Oc1ccc2ccccc2c1,True,2,0,No_Exp
OCc1ccc2ccccc2c1,True,1,0,No_Exp
Oc1nc2ccccc2[nH]1,True,2,0,No_Exp
OCn1nnc2ccccc21,True,1,0,No_Exp
OC1CCCc2ccccc21,True,2,0,No_Exp
OC1c2ccccc2CC1Br,True,2,0,No_Exp
Oc1cccc2[nH]c3ccccc3c12,True,2,0,No_Exp
Oc1ccc2c(c1)[nH]c1ccccc12,True,2,0,No_Exp
Oc1cccc2ccccc12,True,2,0,No_Exp
OCc1cccc2ccccc12,True,1,0,No_Exp
OCCc1cccc2ccccc12,True,1,0,No_Exp
Oc1ccc2ccccc2n1,True,2,0,No_Exp
O=Cc1ccc2ccccc2c1O,True,2,12,No_Exp
Oc1c(Br)ccc2ccccc12,True,2,0,No_Exp
O=[N+]([O-])c1ccc2ccccc2c1O,True,2,13,No_Exp
O=Cc1c(O)ccc2ccccc12,True,2,4,No_Exp
Oc1ccc2ccccc2c1Br,True,2,0,No_Exp
OCc1cc2ccccc2[nH]1,True,1,0,No_Exp
O=C1c2ccccc2C(=O)N1CO,True,1,12,No_Exp
OCc1c[nH]c2ccccc12,True,1,0,No_Exp
OCCc1c[nH]c2ccccc12,True,1,0,No_Exp
O=[N+]([O-])c1ccc(O)c2ccccc12,True,2,7,No_Exp
O=c1cc(O)c2ccccc2o1,True,2,4,No_Exp
Oc1cc(C(F)(F)F)c2ccccc2n1,True,2,0,No_Exp
Oc1cccc2cnccc12,True,2,0,No_Exp
OCc1ccc(Sc2ccccc2)cc1,True,1,0,No_Exp
OCCOc1ccccc1,True,1,0,No_Exp
Oc1ccc(Oc2ccccc2)cc1,True,2,0,No_React
Oc1ccccc1,True,2,0,No_Exp
OCCOCCOCCOCc1ccccc1,True,1,0,No_Exp
OCCOCCOCc1ccccc1,True,1,0,No_Exp
OCCOCc1ccccc1,True,1,0,No_Exp
OCCCOCc1ccccc1,True,1,0,No_Exp
OCc1ccccc1OCc1ccccc1,True,1,0,No_Exp
O=Cc1ccc(OCc2ccccc2)cc1O,True,2,16,No_Exp
OC1O[C@H](COCc2ccccc2)[C@@H](OCc2ccccc2)[C@H](OCc2ccccc2)[C@H]1OCc1ccccc1,True,2,0,No_Exp
O[C@H]1O[C@H](COCc2ccccc2)[C@@H](OCc2ccccc2)[C@H](OCc2ccccc2)[C@H]1OCc1ccccc1,True,2,0,No_Exp
O=C(OCc1ccccc1)N1CC[C@@H](O)C1,True,2,14,No_Exp
O=C(OCc1ccccc1)N1CC[C@H](O)C1,True,2,14,No_Exp
O=C(OCc1ccccc1)N1CC(O)C1,True,2,13,No_Exp
O=C(CO)OCc1ccccc1,True,1,3,No_Exp
O=C(OCc1ccccc1)c1ccccc1O,True,2,16,No_Exp
O=C1C(O)OCCN1Cc1ccccc1,True,2,3,No_Exp
OCCCc1ccccc1,True,1,0,No_Exp
OCCCCc1ccccc1,True,1,0,No_Exp
Oc1ccccc1Cc1ccccc1,True,2,0,No_Exp
Oc1ccccc1-c1ccccc1,True,2,0,No_Exp
Oc1ccc(-c2ccccc2)cc1,True,2,0,No_Exp
O=c1c(O)c(-c2ccccc2)oc2ccccc12,True,2,3,No_Exp
Oc1c(-c2ccccc2)cccc1-c1ccccc1,True,2,0,No_Exp
OC1(c2ccccc2)c2ccccc2-c2ccccc21,True,3,0,No_Exp
OCC=Cc1ccccc1,True,1,0,No_Exp
O=C(C=Cc1ccccc1)c1ccccc1O,True,2,16,No_Exp
O=C(C=Cc1ccccc1)c1ccc(O)cc1,True,2,14,No_Exp
OC(COc1ccccc1)c1ccccc1,True,2,0,No_Exp
OC(CCCl)c1ccccc1,True,2,0,No_Exp
OC(c1ccccc1)c1ccccc1,True,2,0,No_Exp
OC(c1ccccc1)(c1ccccc1)c1ccccc1,True,3,0,No_Exp
OC(c1ccccc1)c1ccc(Cl)cc1,True,2,0,No_Exp
O=C(c1ccccc1)C(O)c1ccccc1,True,2,9,No_Exp
O=C1C[C@@H]2[C@@H](CO)[C@H](OC(=O)c3ccccc3)C[C@@H]2O1,True,1,6,No_Exp
O=C(CO)c1ccccc1,True,1,3,No_Exp
O=C(c1ccccc1)c1ccc(O)cc1,True,2,12,No_Exp
O=C(c1ccccc1)c1cc(Cl)ccc1O,True,2,15,No_Exp
O=C(c1ccccc1)C1(O)CCCCC1,True,3,9,No_Exp
OCC#Cc1ccccc1,True,1,0,No_Exp
O=C(CCC[C@H](O)c1ccc(F)cc1)N1C(=O)OC[C@@H]1c1ccccc1,True,2,6,No_Exp
O[C@H]1CO[C@@H](c2ccccc2)OC1,True,2,0,No_Exp
OCCOc1ccc(/C(=C(/CCCl)c2ccccc2)c2ccccc2)cc1,True,1,0,No_Exp
Oc1ccccc1OC(F)(F)F,True,2,0,No_Exp
OCc1ccccc1F,True,1,0,No_Exp
OCc1ccccc1Cl,True,1,0,No_Exp
OCc1ccccc1Br,True,1,0,No_Exp
O=[N+]([O-])c1ccccc1CO,True,1,10,React
Oc1ccccc1Cl,True,2,0,No_Exp
OCCc1ccccc1F,True,1,0,No_Exp
OCCc1ccccc1C(F)(F)F,True,1,0,No_Exp
OCCc1ccccc1Br,True,1,0,No_Exp
O=[N+]([O-])c1ccccc1CCO,True,1,11,No_Exp
Oc1ccccc1-c1nc2ccccc2s1,True,2,0,No_Exp
O=Cc1ccccc1O,True,2,8,No_Exp
O=C(CBr)c1ccccc1O,True,2,10,No_Exp
N#Cc1ccccc1O,True,2,8,No_Exp
Oc1ccccc1Br,True,2,0,No_Exp
O=[N+]([O-])c1ccccc1O,True,2,9,No_Exp
[O-][n+]1ccccc1O,True,2,7,No_Exp
Oc1ccc(F)nc1,True,2,0,No_Exp
Oc1ccc(Cl)nc1,True,2,0,No_Exp
Oc1ccc(I)cn1,True,2,0,No_Exp
Oc1ccc(F)cn1,True,2,0,No_Exp
Oc1ccc(Cl)cn1,True,2,0,No_Exp
Oc1ccc(C(F)(F)F)cn1,True,2,0,No_Exp
Oc1ccc(Br)cn1,True,2,0,No_Exp
OCc1ccc(Br)cn1,True,1,0,No_Exp
Oc1ccc(I)nc1Br,True,2,0,No_Exp
O=[N+]([O-])c1nc(Cl)ccc1O,True,2,10,No_Exp
O=[N+]([O-])c1ccc(Cl)nc1O,True,2,10,No_Exp
OCc1cccc(Br)n1,True,1,0,No_Exp
O=Cc1ccc(O)cn1,True,2,6,No_Exp
OCCc1cccnc1,True,1,0,No_Exp
O=C1CCc2ccc(O)cc21,True,2,8,No_Exp
Oc1ccc2cc[nH]c2c1,True,2,0,No_Exp
O=c1ccc2ccc(O)cc2o1,True,2,8,No_Exp
OCc1ccc(Cl)cc1F,True,1,0,No_Exp
OCc1ccc(F)cc1Cl,True,1,0,No_Exp
OCc1ccc(Cl)cc1Cl,True,1,0,No_Exp
O=Cc1ccc(Cl)cc1O,True,2,9,No_Exp
O=Cc1ccc([N+](=O)[O-])cc1O,True,2,11,No_Exp
O=Cc1ccc(O)cc1Cl,True,2,6,No_Exp
N#Cc1ccc(O)cc1F,True,2,6,No_Exp
Oc1cccc(OC(F)(F)F)c1,True,2,0,No_Exp
Oc1cccc(I)c1,True,2,0,No_Exp
Oc1cccc(F)c1,True,2,0,No_Exp
Oc1cccc(Cl)c1,True,2,0,No_Exp
O=Cc1cccc(O)c1,True,2,7,No_Exp
Oc1cccc(C(F)(F)F)c1,True,2,0,No_Exp
N#Cc1cccc(O)c1,True,2,7,No_Exp
Oc1cccc(Br)c1,True,2,0,No_Exp
OCc1cccc(F)c1,True,1,0,No_Exp
OCc1cccc(Cl)c1,True,1,0,No_Exp
OCCc1cccc(Cl)c1,True,1,0,No_Exp
OCCc1cccc(Br)c1,True,1,0,No_Exp
O=[N+]([O-])c1cccc(CO)c1,True,1,9,No_Exp
OCc1cccc2[nH]ncc12,True,1,0,No_Exp
Oc1cccc2c1OCO2,True,2,0,No_Exp
O=C1OC(=O)c2c(O)cccc21,True,2,7,No_Exp
Oc1ncccc1F,True,2,0,No_Exp
Oc1ncccc1Cl,True,2,0,No_Exp
O=Cc1cccnc1O,True,2,8,No_Exp
Oc1ncccc1C(F)(F)F,True,2,0,No_Exp
O=[N+]([O-])c1cccnc1O,True,2,9,No_Exp
O=[N+]([O-])c1ncccc1O,True,2,9,No_Exp
Oc1cccnc1I,True,2,0,No_Exp
OCc1c(F)cccc1F,True,1,0,No_Exp
OCc1c(Cl)cccc1Cl,True,1,0,No_Exp
OCc1c(Br)cccc1Br,True,1,0,No_Exp
Oc1cccnc1Cl,True,2,0,No_Exp
OCc1cccnc1Cl,True,1,0,No_Exp
O=Cc1ncccc1O,True,2,8,No_Exp
O=Cc1c(O)cccc1F,True,2,4,No_Exp
O=Cc1c(O)cccc1Cl,True,2,4,No_Exp
Oc1ccc(F)c(F)c1,True,2,0,No_Exp
Oc1ccc(F)c(Cl)c1,True,2,0,No_Exp
O=[N+]([O-])c1ccc(O)cc1Cl,True,2,7,No_Exp
Oc1ccc(Cl)c(C(F)(F)F)c1,True,2,0,No_Exp
Oc1ccc(Cl)c(Br)c1,True,2,0,No_Exp
O=[N+]([O-])c1ccc(O)cc1Br,True,2,7,No_Exp
O=[N+]([O-])c1cc(O)ccc1Cl,True,2,6,No_Exp
Oc1cc(I)ccc1Br,True,2,0,No_Exp
Oc1cc(F)ccc1F,True,2,0,No_Exp
Oc1cc(F)ccc1Cl,True,2,0,No_Exp
Oc1cc(F)ccc1Br,True,2,0,No_Exp
Oc1ccc(F)cc1F,True,2,0,No_Exp
Oc1ccc(F)cc1Br,True,2,0,No_Exp
O=[N+]([O-])c1cc(F)ccc1O,True,2,10,No_Exp
OCc1ccc(Br)c(F)c1,True,1,0,No_Exp
Oc1cc(Cl)ccc1Cl,True,2,0,No_Exp
Oc1ccc(Cl)cc1F,True,2,0,No_Exp
Oc1cc(Cl)ccc1Oc1ccc(Cl)cc1Cl,True,2,0,No_Exp
OC(Cn1ccnc1)c1ccc(Cl)cc1Cl,True,2,0,No_Exp
Oc1ccc(Cl)cc1Br,True,2,0,No_Exp
O=[N+]([O-])c1cc(Cl)ccc1O,True,2,10,No_Exp
O=Cc1ccc(OC(F)F)c(O)c1,True,2,11,No_Exp
O=Cc1ccc(Br)c(O)c1,True,2,8,No_Exp
O=Cc1ccc([N+](=O)[O-])c(O)c1,True,2,10,No_Exp
O=Cc1ccc(O)c(Cl)c1,True,2,6,No_Exp
O=Cc1ccc(O)c(C=O)c1,True,2,6,No_Exp
N#Cc1cc(C=O)ccc1O,True,2,10,No_Exp
O=Cc1ccc(O)c(Br)c1,True,2,6,No_Exp
O=Cc1ccc(O)c([N+](=O)[O-])c1,True,2,6,No_Exp
O=[N+]([O-])c1ccc(C(F)(F)F)cc1O,True,2,13,No_Exp
N#Cc1ccc(O)c(F)c1,True,2,6,No_Exp
N#Cc1ccc(O)c(C#N)c1,True,2,6,No_Exp
Oc1cc(Br)ccc1F,True,2,0,No_Exp
Oc1cc(Br)ccc1Br,True,2,0,No_Exp
O=[N+]([O-])c1ccc(Br)cc1O,True,2,10,No_Exp
Oc1ccc(Br)cc1Cl,True,2,0,No_Exp
Oc1ccc(Br)cc1C(F)(F)F,True,2,0,No_Exp
O=[N+]([O-])c1cc(Br)ccc1O,True,2,10,No_Exp
O=[N+]([O-])c1ccc(Br)c(O)c1,True,2,9,No_Exp
O=[N+]([O-])c1ccc(O)c(F)c1,True,2,7,No_Exp
O=[N+]([O-])c1ccc(O)c(Cl)c1,True,2,7,No_Exp
O=[N+]([O-])c1ccc(O)c(Br)c1,True,2,7,No_Exp
Oc1ccccc1I,True,2,0,No_Exp
Oc1cccc(F)c1F,True,2,0,No_Exp
Oc1cccc(Cl)c1Cl,True,2,0,No_Exp
O=Cc1cccc(O)c1Cl,True,2,7,No_Exp
Oc1cccc(F)c1Br,True,2,0,No_Exp
Oc1cccc(Cl)c1Br,True,2,0,No_Exp
Oc1c(F)cccc1F,True,2,0,No_Exp
Oc1c(F)cccc1Cl,True,2,0,No_Exp
Oc1c(F)cccc1Br,True,2,0,No_Exp
O=Cc1cccc(Br)c1O,True,2,9,No_Exp
OCc1cccc(Br)c1Cl,True,1,0,No_Exp
O=[N+]([O-])c1cccc(Br)c1O,True,2,10,No_Exp
N#Cc1ncccc1O,True,2,8,No_Exp
N#Cc1c(O)cccc1F,True,2,4,No_Exp
OCc1cccnc1Br,True,1,0,No_Exp
Oc1ccc2ccncc2c1,True,2,0,No_Exp
Oc1ccc2ccc(Br)cc2c1,True,2,0,No_Exp
Oc1ccc2cc(Br)ccc2c1,True,2,0,No_Exp
Oc1nc2cnccc2[nH]1,True,2,0,No_Exp
O=C1CCc2cc(O)ccc21,True,2,7,No_Exp
OCc1cnc[nH]1,True,1,0,No_Exp
O=Cc1ccc(CO)o1,True,1,7,No_Exp
O=Cc1ccc(O)cc1Br,True,2,6,No_Exp
O=Cc1ccc(F)cc1O,True,2,9,No_Exp
O=Cc1ccc(Br)cc1O,True,2,9,No_Exp
O=Cc1cc(I)cc(I)c1O,True,2,10,No_Exp
O=Cc1cc(Cl)cc(Cl)c1O,True,2,10,No_Exp
O=Cc1cc(Cl)cc(Br)c1O,True,2,10,No_Exp
O=Cc1cc(Br)cc(Br)c1O,True,2,10,No_Exp
O=Cc1cc(Br)cc([N+](=O)[O-])c1O,True,2,12,No_Exp
O=Cc1cc([N+](=O)[O-])cc(Br)c1O,True,2,12,No_Exp
Oc1nc2cc(Br)cnc2[nH]1,True,2,0,No_Exp
Oc1cncc(F)c1,True,2,0,No_Exp
Oc1cncc(Cl)c1,True,2,0,No_Exp
Oc1cncc(Br)c1,True,2,0,No_Exp
Oc1ncc(Br)cn1,True,2,0,No_Exp
OCc1cnc(Cl)nc1,True,1,0,No_Exp
Oc1ncc(C(F)(F)F)cc1Cl,True,2,0,No_Exp
Oc1ncc(Br)cc1C(F)(F)F,True,2,0,No_Exp
Oc1ncc(C(F)(F)F)cc1Br,True,2,0,No_Exp
Oc1cnc(Cl)c(Br)c1,True,2,0,No_Exp
O=[N+]([O-])c1cc(Br)cnc1O,True,2,10,No_Exp
OCc1ccncc1,True,1,0,No_Exp
N#Cc1ccc(Oc2ccc(Br)c(CO)c2)cc1,True,1,14,No_Exp
OCc1ccc(OC(F)(F)F)cc1,True,1,0,No_Exp
Oc1ccc(I)cc1,True,2,0,No_Exp
Oc1ccc(F)cc1,True,2,0,No_Exp
Oc1ccc(Cl)cc1,True,2,0,No_Exp
Oc1ccc(CCBr)cc1,True,2,0,No_Exp
N#CCc1ccc(O)cc1,True,2,7,No_Exp
O=C1CCC(c2ccc(O)cc2)CC1,True,2,9,No_Exp
O=Cc1ccc(O)cc1,True,2,6,No_Exp
Oc1ccc(C(F)(F)F)cc1,True,2,0,No_Exp
O=C(CBr)c1ccc(O)cc1,True,2,8,No_Exp
N#Cc1ccc(O)cc1,True,2,6,No_Exp
Oc1ccc(Br)cc1,True,2,0,No_Exp
O=[N+]([O-])c1ccc(O)cc1,True,2,7,No_Exp
Oc1ccn(-c2ccc(Cl)cc2)n1,True,2,0,No_Exp
OCc1ccc(I)cc1,True,1,0,No_Exp
OCCc1ccc(F)cc1,True,1,0,No_Exp
OC(c1ccc(F)cc1)c1ccc(F)cc1,True,2,0,No_Exp
OCc1ccc(CCl)cc1,True,1,0,No_Exp
O=Cc1ccc(CO)cc1,True,1,7,No_Exp
N#Cc1ccc(CO)cc1,True,1,7,No_Exp
OCc1ccc(Cl)cc1,True,1,0,No_Exp
OC(CCc1ccc(Cl)cc1)Cn1ccnc1,True,2,0,No_Exp
O=C(c1ccc(O)cc1)c1ccc(Cl)cc1,True,2,6,No_Exp
N#Cc1ccc(-c2ccc(O)cc2)cc1,True,2,10,No_Exp
OCc1ccc(Br)cc1,True,1,0,No_Exp
OCCc1ccc(Br)cc1,True,1,0,No_Exp
Oc1ccc(-c2ccc(Br)cc2)cc1,True,2,0,No_Exp
O=[N+]([O-])c1ccc(CO)cc1,True,1,8,React
O=[N+]([O-])c1ccc(CCO)cc1,True,1,9,No_Exp
Oc1ccc2[nH]ncc2c1,True,2,0,No_Exp
OCc1ccc2c(c1)OCO2,True,1,0,No_Exp
OCc1cc(Cl)ccn1,True,1,0,No_Exp
OCc1cc(Br)ccc1Cl,True,1,0,No_Exp
OCc1cc(I)ccc1Br,True,1,0,No_Exp
OCc1cc(C(F)(F)F)ccc1Br,True,1,0,No_Exp
O=Cc1cc([N+](=O)[O-])cc(CCl)c1O,True,2,13,No_Exp
O=Cc1cc(I)ccc1O,True,2,9,No_Exp
O=Cc1cc(F)ccc1O,True,2,9,No_Exp
O=Cc1cc(Cl)ccc1O,True,2,9,No_Exp
O=Cc1cc(O)ccc1Br,True,2,5,No_Exp
O=Cc1cc(O)ccc1[N+](=O)[O-],True,2,5,No_Exp
Oc1cc(F)cc(Br)c1,True,2,0,No_Exp
N#Cc1cc(O)cc(Cl)c1,True,2,5,No_Exp
OCc1cc(Cl)cc(Cl)c1,True,1,0,No_Exp
Oc1cc(C(F)(F)F)cc(C(F)(F)F)c1,True,2,0,No_Exp
OCc1cc(C(F)(F)F)cc(C(F)(F)F)c1,True,1,0,No_Exp
OCc1cc(Br)cc(C(F)(F)F)c1,True,1,0,No_Exp
O=Cc1cc(O)cc(Br)c1,True,2,5,No_Exp
Oc1cc(Br)cc(C(F)(F)F)c1,True,2,0,No_Exp
OCc1cc(Br)cc(Br)c1,True,1,0,No_Exp
O=[N+]([O-])c1cc(O)cc(Cl)c1,True,2,6,No_Exp
O=[N+]([O-])c1cc(O)cc(Br)c1,True,2,6,No_Exp
Oc1c(I)cc(I)cc1I,True,2,0,No_Exp
O=Cc1cc(I)c(O)c(I)c1,True,2,7,No_Exp
O=Cc1cc(F)c(O)c(F)c1,True,2,7,No_Exp
Oc1c(F)cc(Br)cc1F,True,2,0,No_Exp
O=[N+]([O-])c1cc(F)c(O)c(F)c1,True,2,8,No_Exp
O=[N+]([O-])c1cc(F)cc(F)c1O,True,2,11,No_Exp
O=[N+]([O-])c1cc(Br)cc(F)c1O,True,2,11,No_Exp
Oc1cc(F)c(F)c(F)c1,True,2,0,No_Exp
O=Cc1c(F)cc(O)cc1F,True,2,7,No_Exp
N#Cc1c(F)cc(O)cc1F,True,2,7,No_Exp
Oc1c(Cl)cc(Cl)cc1Cl,True,2,0,No_Exp
O=Cc1cc(Cl)c(O)c(Cl)c1,True,2,7,No_Exp
O=[N+]([O-])c1cc(Cl)c(O)c(Cl)c1,True,2,8,No_Exp
O=Cc1cc(Br)c(O)c(Br)c1,True,2,7,No_Exp
Oc1ccc(F)c(Br)c1,True,2,0,No_Exp
OC(Cn1cncn1)(Cn1cncn1)c1ccc(F)cc1F,True,3,0,No_Exp
Oc1cc(Br)nc(Br)c1,True,2,0,No_Exp
Oc1nnc(Cl)cc1Br,True,2,0,No_Exp
Oc1cnc(Cl)cc1I,True,2,0,No_Exp
OCc1cnc(Cl)cc1Cl,True,1,0,No_Exp
Cc1cc(Br)ccc1O,True,2,8,No_Exp
O=[N+]([O-])c1cc(O)c(Br)cc1F,True,2,6,No_Exp
Oc1cc(Cl)c(Cl)cc1Cl,True,2,0,No_Exp
O=[N+]([O-])c1cc(Br)c(F)cc1O,True,2,11,No_Exp
Oc1nncc(Cl)c1Cl,True,2,0,No_Exp
OCc1c(F)c(F)cc(F)c1F,True,1,0,No_Exp
Oc1c(F)c(F)cc(F)c1F,True,2,0,No_Exp
N#Cc1ccc(O)cc1C#N,True,2,6,No_Exp
O=C1C[C@H](O)CO1,True,2,4,No_Exp
O=C1C[C@H](O)CN1,True,2,4,No_Exp
Oc1c(F)c(F)c(F)c(F)c1F,True,2,0,No_Exp
C=COCCO,True,1,5,No_Exp
C=COCCCCO,True,1,7,No_Exp
C=CCCO,True,1,4,No_Exp
C=CCCCO,True,1,5,No_Exp
C=CCCCCO,True,1,6,No_Exp
C=CCCCCCCCCO,True,1,10,No_Exp
C=CCCCCCCCCCO,True,1,11,No_Exp
C=CCc1ccccc1O,True,2,9,No_Exp
C=CCC(O)CC=C,True,2,4,No_Exp
C=Cc1ccc(O)c(OC)c1,True,2,6,No_Exp
C=CC(C)(O)CC/C=C(\C)CC/C=C(\C)CCC=C(C)C,True,3,4,No_Exp
C=CC(=O)NCO,True,1,6,No_Exp
C=CC(=O)NCCO,True,1,7,No_Exp
C=CC(O)CC,True,2,3,No_Exp
C=CC(O)C=C,True,2,3,No_Exp
C=CC(C)CCCC(C)(C)O,True,3,10,No_Exp
C=CC(C)(O)CCC=C(C)CCC=C(C)C,True,3,4,No_Exp
C=CC(C)(O)CCC=C(C)C,True,3,4,No_Exp
C=CC(=O)OCCO,True,1,7,No_Exp
C=CC(=O)OCCCCO,True,1,9,No_Exp
C=CC(=O)OCC(CO)(COC(=O)C=C)COC(=O)C=C,True,1,8,No_Exp
C=C(CO)C(=O)OC,True,1,3,No_Exp
C=C(Br)CCO,True,1,5,No_Exp
C=C(C)CO,True,1,4,No_Exp
C=C(C)CCO,True,1,5,No_Exp
C=C(C)C(=O)NCC(C)O,True,2,9,No_Exp
C=C(C)C(=O)OCCO,True,1,8,No_Exp
C=C(C)C(=O)OCC(O)COC(=O)C(=C)C,True,2,8,No_Exp
C=C(C)[C@H]1C=C[C@@](C)(O)CC1,True,3,8,No_Exp
CC(C)(C)[Si](C)(C)OCCCO,True,1,11,No_Exp
C[Si](C)(C)CO,True,1,5,No_Exp
C[Si](C)(C)CCO,True,1,6,No_Exp
C[Si](C)(C)C#CCO,True,1,7,No_Exp
C[N+](C)(C)C[C@H](O)CC(=O)[O-],True,2,6,No_Exp
C[C@H]1C[C@H](O)CN1C(=O)OC(C)(C)C,True,2,4,No_Exp
C[C@H]1C[C@@H](O)CN1C(=O)OC(C)(C)C,True,2,4,No_Exp
COC[C@H](C)O,True,2,5,No_Exp
CCCCCC[C@H](C)O,True,2,8,No_Exp
COC(=O)C[C@H](C)O,True,2,7,No_Exp
C[C@H](O)C(F)(F)F,True,2,2,No_Exp
COC[C@@H](C)O,True,2,5,No_Exp
COC(=O)[C@H](C)CO,True,1,7,No_Exp
COC(=O)C[C@@H](C)O,True,2,7,No_Exp
C[C@@H](O)CC(=O)[O-],True,2,2,No_Exp
C[C@@H](O)c1ccccc1,True,2,2,No_Exp
C[C@@H](O)c1cc(C(F)(F)F)cc(C(F)(F)F)c1,True,2,2,No_Exp
C[C@@H](O)c1c(Cl)ccc(F)c1Cl,True,2,2,No_Exp
COC(=O)[C@@H](C)O,True,2,6,No_Exp
C[C@]12CCC(=O)C=C1CC[C@H]1[C@@H]3CCC(=O)[C@@]3(C)CC[C@@]12O,True,3,21,No_Exp
C[C@@H]1CC[C@H]2C(C)(C)[C@H]3C[C@@]12CC[C@@]3(C)O,True,3,15,No_Exp
C[C@@H]1CC[C@]2(OC1)O[C@H]1C[C@H]3[C@@H]4CC=C5C[C@@H](O)CC[C@]5(C)[C@H]4CC[C@]3(C)[C@H]1[C@H]2C,True,2,17,No_Exp
C[C@@H](O)c1ccc2ccccc2c1,True,2,2,No_Exp
C[C@@H](O)C(N)=O,True,2,2,No_Exp
COC(=O)[C@@H](NC(=O)OCc1ccccc1)[C@@H](C)O,True,2,18,No_Exp
COC(=O)[C@@H](NC(=O)OC(C)(C)C)[C@@H](C)O,True,2,15,No_Exp
C[C@@H](O)[C@H](NC(=O)OC(C)(C)C)C(=O)OCc1ccccc1,True,2,2,No_Exp
C[C@H](CO)NC(=O)OC(C)(C)C,True,1,3,No_Exp
C[C@H](O)COCc1ccccc1,True,2,2,No_Exp
COC(=O)[C@@H](C)CO,True,1,7,No_Exp
C[C@H](CO)CBr,True,1,3,No_Exp
C[C@@H](c1ncncc1F)[C@](O)(Cn1cncn1)c1ccc(F)cc1F,True,3,10,No_Exp
C[C@H](O)c1ccc2ccccc2c1,True,2,2,No_Exp
C[C@H](O)c1ccccc1,True,2,2,No_Exp
C[C@H](O)c1ccc(Br)cc1,True,2,2,No_Exp
C[C@H](O)c1cc(C(F)(F)F)cc(C(F)(F)F)c1,True,2,2,No_Exp
C[C@H](O)c1c(Cl)cncc1Cl,True,2,2,No_Exp
C[C@H](O)c1c(Cl)ccc(F)c1Cl,True,2,2,No_Exp
C[C@H](O)C(=O)OCc1ccccc1,True,2,2,No_Exp
C[C@H](O)C(=O)[O-],True,2,2,No_Exp
C[C@]12C=CC(=O)C(Cl)=C1CC[C@@H]1[C@@H]2CC[C@@]2(C)[C@H]1CC[C@]2(C)O,True,3,22,No_Exp
CC(=O)OCC(=O)[C@@]1(O)CC[C@H]2[C@@H]3CCC4=CC(=O)CC[C@]4(C)[C@H]3C(=O)C[C@@]21C,True,3,8,No_Exp
C[C@]12CC[C@@H]3c4ccc(O)cc4CC[C@H]3[C@@H]1CCC2=O,True,2,9,No_Exp
CC[C@H](/C=C/[C@@H](C)[C@H]1CC[C@H]2[C@@H]3CC=C4C[C@@H](O)CC[C@]4(C)[C@H]3CC[C@]12C)C(C)C,True,2,17,No_Exp
C/C=C/CCCO,True,1,6,No_Exp
CCCCOC(=O)[C@@H](O)CC,True,2,8,No_Exp
CN(CCO)C(=O)OC(C)(C)C,True,1,4,No_Exp
O=S(=O)([O-])CO,True,1,5,No_Exp
O=C1CC[C@H](CO)N1,True,1,6,No_Exp
O=S(=O)([O-])CCO,True,1,6,No_Exp
OCCOCCCl,True,1,0,No_Exp
OCCF,True,1,0,No_Exp
OCCC(F)(F)F,True,1,0,No_Exp
OCCC(F)(F)C(F)(F)C(F)(F)C(F)(F)F,True,1,0,No_Exp
OCCC(F)(F)C(F)(F)C(F)(F)C(F)(F)C(F)(F)C(F)(F)F,True,1,0,No_Exp
OCCC(F)(F)C(F)(F)C(F)(F)C(F)(F)C(F)(F)C(F)(F)C(F)(F)C(F)(F)F,True,1,0,No_Exp
OCCBr,True,1,0,No_Exp
O=[N+]([O-])CCO,True,1,5,No_Exp
OCCCCBr,True,1,0,No_Exp
OCCCCCCCl,True,1,0,No_Exp
OCCCCCCBr,True,1,0,No_Exp
OCCCCCCl,True,1,0,No_Exp
OCCCCCCCCCl,True,1,0,No_Exp
OCCCCCCCCBr,True,1,0,No_Exp
OCCCCCCCCCCBr,True,1,0,No_Exp
OCCCCCCCCCCCCBr,True,1,0,No_Exp
OCCCCCCCBr,True,1,0,No_Exp
OCCCc1ccc(Cl)cc1,True,1,0,No_Exp
OCCCc1ccc(Br)cc1,True,1,0,No_Exp
OCCCC(F)(F)F,True,1,0,No_Exp
OCCCBr,True,1,0,No_Exp
O=C1OCC(CO)O1,True,1,6,No_Exp
OCC(F)F,True,1,0,No_Exp
OCC(Cl)CCl,True,1,0,No_Exp
OCC(Br)CBr,True,1,0,No_Exp
OC(CCl)CCl,True,2,0,No_Exp
OCC(CBr)(CBr)CBr,True,1,0,No_Exp
OCC(F)(F)C(F)F,True,1,0,No_Exp
OCC(F)(F)C(F)(F)C(F)(F)C(F)F,True,1,0,No_Exp
O=C([O-])CO,True,1,4,No_Exp
N#CCCO,True,1,4,No_React
N#CC[C@@H](O)CCl,True,2,4,No_Exp
N#CC[C@H](O)CCl,True,2,4,No_Exp
CC(C)=CCC/C(C)=C/CC/C(C)=C/CC/C(C)=C/CO,True,1,20,No_Exp
OC[C@H]1CO1,True,1,0,No_Exp
OC[C@@H]1CO1,True,1,0,No_React
CCCCC/C=C\CCO,True,1,9,No_Exp
C#CCOCCOCCOCCOCCO,True,1,15,No_Exp
C#CCOCCOCCOCCO,True,1,12,No_Exp
C#CCOCCOCCO,True,1,9,No_Exp
C#CCOCCO,True,1,6,No_Exp
C#CCCCO,True,1,5,No_Exp
C#CCCCCCO,True,1,7,No_Exp
C#CCCCCCCO,True,1,8,No_Exp
C#CCCCCCCCO,True,1,9,No_Exp
C#CCCCCCCCCCCO,True,1,12,No_Exp
C#Cc1ccc(CO)cc1,True,1,7,No_Exp
C#Cc1cccc(O)c1,True,2,7,No_Exp
C#CC(C)(O)CCCC(C)CCCC(C)C,True,3,4,No_Exp
C#CC(O)CC,True,2,3,No_Exp
C#CC(O)CC(C)C,True,2,3,No_Exp
C#CC(O)c1ccccc1,True,2,3,No_Exp
C#CC(O)(c1ccccc1)c1ccccc1,True,3,3,No_Exp
C#CC(C)(O)c1ccccc1,True,3,4,No_Exp
C#CC(C)(C)O,True,3,5,No_Exp
C#C[C@H](C)O,True,2,4,No_Exp
OCCOCCOCCOCCBr,True,1,0,No_Exp
OCCOCCOCCBr,True,1,0,No_Exp
OCCOCCBr,True,1,0,No_Exp
OCc1ccnc(Br)c1,True,1,0,No_Exp
Oc1cc2ccccc2cc1Br,True,2,0,No_Exp
Cc1c(O)cccc1Br,True,2,3,No_Exp
NC(=O)c1cc(Br)ccc1O,True,2,10,No_Exp
Oc1ccc(C(F)(F)F)cc1Br,True,2,0,No_Exp
Oc1cc(Cl)ccc1Br,True,2,0,No_Exp
OCc1nc(Br)ccc1Br,True,1,0,No_Exp
CC(Br)CO,True,1,4,No_Exp
CC(C)(C)OC(=O)N[C@H](CO)C(C)(C)C,True,1,10,No_Exp
C[C@@H](O)[C@H](NC(=O)OCc1ccccc1)C(=O)OCc1ccccc1,True,2,2,No_Exp
CS(=O)(=O)c1ccc([C@@H](O)[C@@H](CF)NC(=O)C(Cl)Cl)cc1,True,2,9,No_Exp
CCCCCCOCCOCCO,True,1,12,No_Exp
CC(C)(CO)C(=O)OCc1ccccc1,True,1,4,No_Exp
OCc1ccncc1F,True,1,0,No_Exp
OC1CCCCCCCCCCC1,True,2,0,No_Exp
OCC1CCCCO1,True,1,0,No_Exp
OC1CCSCC1,True,2,0,No_Exp
OCCOCC(F)(F)F,True,1,0,No_Exp
CC(O)c1ccccc1F,True,2,2,No_Exp
O=C(OCc1ccccc1)N1CCC[C@@H](O)C1,True,2,15,No_Exp
OCc1ccc(F)cc1C(F)(F)F,True,1,0,No_Exp
Cc1ncsc1CO,True,1,7,No_Exp
OCc1ncc(F)cc1F,True,1,0,No_Exp
Cc1c(F)c(F)c(CO)c(F)c1F,True,1,8,No_Exp
CC(=O)Nc1ccc(CO)cc1,True,1,9,No_Exp
O=C1NCCC1CO,True,1,7,No_Exp
CCOC(=O)C[C@@H](O)C(=O)OCC,True,2,7,No_Exp
COC(=O)C[C@@H](O)C(=O)OC,True,2,6,No_Exp
CC(O)c1c(F)cccc1F,True,2,2,No_Exp
CC(O)c1ccco1,True,2,2,No_Exp
CC(C)(C)OC(=O)N[C@H](CO)CC1CCCCC1,True,1,10,No_Exp
OCCc1ccc(Cl)cc1Cl,True,1,0,No_Exp
OCc1n[nH]c2ccccc12,True,1,0,No_Exp
CC/C=C\CC/C=C/CO,True,1,9,No_Exp
CS(=O)(=O)c1ccc(CO)cc1,True,1,9,No_Exp
CCCCC(O)CCC,True,2,5,No_Exp
OC(/C=C/c1ccccc1)c1ccccc1,True,2,0,No_React
COc1ccc(Br)cc1CO,True,1,10,No_Exp
COc1ccc(CO)c(OC)c1OC,True,1,7,No_Exp
C[C@@H](O)c1ccncc1,True,2,2,No_Exp
CCCCC/C=C/CO,True,1,8,No_Exp
CC(C)(C)[C@H]1CC[C@H](O)CC1,True,2,8,No_Exp
OC1c2ccccc2C=Cc2ccccc21,True,2,0,No_Exp
OC1c2ccccc2CCc2ccccc21,True,2,0,No_Exp
COC(=O)CCCCCCCCO,True,1,12,No_Exp
CC(O)c1ccc(-c2ccccc2)cc1,True,2,2,No_Exp
C#CC(O)CCCCC,True,2,3,No_Exp
C[C@H](O)c1ccccc1Cl,True,2,2,React
O=C1NCCN1CCO,True,1,8,No_Exp
COCC(O)CCl,True,2,4,No_Exp
O=C(NC1(CO)CC1)OCc1ccccc1,True,1,5,No_Exp
CC(C)C[C@@H](CO)NC(=O)OC(C)(C)C,True,1,6,No_Exp
CCOC(CCO)OCC,True,1,6,No_Exp
OC(C1CC1)C1CC1,True,2,0,No_Exp
Cc1ccc([N+](=O)[O-])c(CO)c1,True,1,10,No_Exp
CCOC(=O)C(C)(C)CO,True,1,9,No_Exp
OCCC1CCOCC1,True,1,0,No_Exp
O=C1C=CC(O)C1,True,2,5,No_Exp
CCCCC(O)CC,True,2,5,No_Exp
NC(=O)C(O)c1ccccc1,True,2,4,No_Exp
OCCn1cccn1,True,1,0,No_Exp
C=C(C)C1CC=C(CO)CC1,True,1,8,No_Exp
COCC(C)OCC(C)OCC(C)O,True,2,13,No_Exp
OC1CC2CC1C1CCCC21,True,2,0,No_Exp
COc1ccc(COCCCO)cc1,True,1,11,No_Exp
OCc1cc2ccccc2o1,True,1,0,No_Exp
CCOC(=O)N1CCC(CO)CC1,True,1,10,No_Exp
OCc1ccnc2[nH]ccc12,True,1,0,No_Exp
OCc1cscn1,True,1,0,No_Exp
Cc1cccc(CCO)c1,True,1,8,No_Exp
CC(O)CCc1ccccc1,True,2,2,No_Exp
OC1CCCOC1,True,2,0,No_Exp
OCc1ccnc(Cl)c1,True,1,0,No_Exp
C/C(=C\CO)CCCC(C)CCCC(C)CCCC(C)C,True,1,4,No_Exp
O=C1NCC(O)CN1,True,2,5,No_React
C[C@H](O)C(N)=O,True,2,2,No_Exp
CC(=O)N1CCC(CO)CC1,True,1,8,No_Exp
CC(O)c1ccccc1OC(F)(F)F,True,2,2,No_Exp
C=CCC(C)O,True,2,5,No_Exp
OCCCCCCCCCCCCCCBr,True,1,0,No_Exp
OC1c2ccccc2Oc2ccccc21,True,2,0,No_Exp
OCCc1cc(F)c(F)cc1F,True,1,0,No_Exp
CC(O)CC(=O)[O-],True,2,2,No_Exp
COC(=O)C1(CO)CC1,True,1,6,No_Exp
C#C[C@@H](C)O,True,2,4,No_React
COc1ccccc1C(C)O,True,2,10,No_Exp
O=C(OCc1ccccc1)N1CCC[C@@H]1CO,True,1,16,No_Exp
CC1(C)COC(=O)C1O,True,2,8,No_Exp
OCc1cocn1,True,1,0,No_Exp
O=S1(=O)CCC(O)CC1,True,2,6,No_Exp
NC(=O)[C@H](O)c1ccccc1,True,2,4,No_Exp
COc1ncccc1CO,True,1,9,No_Exp
OCc1cnc(Cl)s1,True,1,0,No_Exp
O=c1cc(CO)occ1OCc1ccccc1,True,1,5,No_Exp
O=C1c2ccccc2C(=O)N1CCCCO,True,1,15,No_Exp
O=[N+]([O-])c1ccc(CO)cc1F,True,1,8,No_Exp
OCc1ccc(-n2ccnc2)cc1,True,1,0,No_Exp
CC(C)C1CCC(O)CC1,True,2,7,No_Exp
CN(CCO)C(=O)OCc1ccccc1,True,1,4,No_Exp
Cc1ccccc1OCC(C)O,True,2,11,No_Exp
OC1CCc2cc(Cl)ccc21,True,2,0,No_Exp
OCc1sc(Br)nc1Br,True,1,0,No_Exp
OCCc1ccc(I)cc1,True,1,0,No_Exp
CCc1cc(C(C)=O)ccc1CO,True,1,12,No_Exp
COc1coc(CO)cc1=O,True,1,7,No_Exp
O=S(=O)([O-])CC(O)CCl,True,2,6,No_Exp
OCc1ccc(F)nc1,True,1,0,No_Exp
O=[N+]([O-])c1ccc(Cl)c(CO)c1,True,1,10,No_Exp
CCc1cccc2c(CCO)c[nH]c12,True,1,10,No_Exp
OCc1ccc(Br)cc1OC(F)(F)F,True,1,0,No_Exp
CC1(C)COC(=O)[C@H]1O,True,2,8,No_Exp
OCCCCCCOCc1ccccc1,True,1,0,No_Exp
CC(C)(C)OC(=O)NC1CCCC(O)C1,True,2,13,No_Exp
CC(C)(C)[Si](C)(C)OCCOCCO,True,1,13,No_Exp
C[C@@H](O)c1cccc2ccccc12,True,2,2,No_Exp
CCOC(=O)[C@H](O)c1ccccc1,True,2,6,No_Exp
O=C(CO)N1CCOCC1,True,1,3,No_Exp
COC(=O)[C@H](O)C(C)C,True,2,5,No_Exp
OCCc1c(Cl)cccc1Cl,True,1,0,No_Exp
O=C(OCc1ccccc1)N1CCC(CCO)CC1,True,1,16,No_Exp
OCc1ccc(-n2cccn2)cc1,True,1,0,No_Exp
O=[N+]([O-])c1cccc(Cl)c1CO,True,1,11,No_Exp
COC(=O)Cc1ccc(CO)cc1,True,1,10,No_Exp
OCc1ncc[nH]1,True,1,0,No_Exp
CCCCCCCCCCCCCCCCOCCCO,True,1,20,No_Exp
OCc1cncc(F)c1,True,1,0,No_Exp
CC(C)(CO)CBr,True,1,4,No_Exp
CC[C@H](CO)NC(=O)OC(C)(C)C,True,1,4,No_Exp
COC(=O)[C@H](C)O,True,2,6,No_React
C[C@@H](O)c1ccccn1,True,2,2,No_Exp
OCCc1cc(F)cc(F)c1,True,1,0,No_Exp
OC(CBr)C(F)(F)F,True,2,0,No_Exp
CC(C)(C)OC(=O)N1CCCCC1CCO,True,1,15,No_Exp
COC1(OC)CCN(C(=O)OC(C)(C)C)CC1O,True,2,17,No_Exp
OCc1ccc2ccccc2n1,True,1,0,No_Exp
OCc1c[nH]cn1,True,1,0,No_Exp
CC(C)(C)OC(=O)N1CCCC[C@H]1CO,True,1,14,No_Exp
OCCC#Cc1ccccc1,True,1,0,No_Exp
OC/C=C/c1cccc(OCc2ccccc2)c1,True,1,0,No_Exp
CC(C)(C)OC(=O)N[C@@H]1CCC[C@H]1O,True,2,13,No_Exp
CCCC(O)CC(=O)OCC,True,2,4,No_Exp
OCc1cccc2c1OCO2,True,1,0,React
O=[N+]([O-])c1cc(Cl)ccc1CO,True,1,11,No_Exp
CC(C)(C)OC(=O)N[C@@H]1CCCC[C@H]1O,True,2,14,No_Exp
OCc1ccnc(C(F)(F)F)c1,True,1,0,No_Exp
CC(C)(C)OC(=O)NC(CO)Cc1ccccc1,True,1,10,No_Exp
C=C1CCN(C(=O)OC(C)(C)C)CC1O,True,2,14,No_Exp
COc1ccc(F)cc1CO,True,1,10,No_Exp
C[C@H](CCO)NC(=O)OC(C)(C)C,True,1,4,No_Exp
OC(Cc1ccccc1)c1ccccc1,True,2,0,No_Exp
Cc1ccc(C(O)C(F)(F)F)cc1,True,2,6,No_Exp
OCCc1cncnc1,True,1,0,No_Exp
CC(C)(C)OC(=O)NCc1ccc(CO)cc1,True,1,14,No_Exp
COc1ccc(C(O)c2ccccc2)cc1,True,2,7,No_Exp
OCc1cc(F)c(F)c(F)c1,True,1,0,No_Exp
COC(=O)c1ccc(OCCO)cc1,True,1,11,No_Exp
COCCCCO,True,1,6,No_Exp
Cn1ccc(CO)n1,True,1,6,No_Exp
CC1(C)OCC(CCO)O1,True,1,8,No_Exp
Cn1c([N+](=O)[O-])cnc1CO,True,1,10,No_Exp
O=[N+]([O-])c1cc(CO)ccc1Cl,True,1,7,No_Exp
N#CC1CCC(O)CC1,True,2,6,No_Exp
CC(C)(C)OC(=O)N1CC(CCO)C1,True,1,12,No_Exp
OCc1cnco1,True,1,0,No_Exp
O=[N+]([O-])c1cccc(CO)c1F,True,1,9,No_Exp
CCCCCC#CCCO,True,1,9,No_Exp
OC1CC=CCC1,True,2,0,No_React
CCCC(O)CC(=O)OC,True,2,4,No_Exp
CC12CCC(C1)C(C)(C)C2O,True,2,10,No_Exp
OCc1nc2ccccc2o1,True,1,0,No_Exp
OCCCCCCCCCCl,True,1,0,No_Exp
Cc1cccc(CO)c1Br,True,1,7,No_Exp
CC(C)(C)OC(=O)NC1CCC(O)C1,True,2,12,No_Exp
CC(C)(C)OC(=O)N1CC[C@@H]1CO,True,1,12,No_Exp
CC(C)(C)OC(=O)N1CCC1CO,True,1,12,No_Exp
OC1Cc2ccc(Br)cc2C1,True,2,0,No_Exp
C=CC[C@H](C)O,True,2,5,No_Exp
CC(C)(C)OC(=O)NCC1(CO)CC1,True,1,11,No_Exp
OCCc1c(F)cccc1Cl,True,1,0,No_Exp
OCc1c(Cl)cc(Cl)cc1Cl,True,1,0,No_Exp
O=C1NC[C@H](CO)O1,True,1,6,No_Exp
O=C1NCCC1O,True,2,6,No_Exp
OCc1cccc(I)c1Br,True,1,0,No_Exp
OC1CCc2c(Br)cccc21,True,2,0,No_Exp
OCc1ccc(Cl)nc1,True,1,0,No_Exp
OCC1CCCOC1,True,1,0,No_Exp
CCC(O)CBr,True,2,3,No_Exp
CC(C)(C)OC(=O)[C@H]1C[C@@H](O)C1,True,2,10,No_Exp
C=CC(O)CC(=O)OC(C)(C)C,True,2,3,No_Exp
O[C@@H](c1ccccc1)C(F)(F)F,True,2,0,No_Exp
OCc1cnc(Br)s1,True,1,0,No_Exp
O=[N+]([O-])c1ccc(Cl)cc1CO,True,1,11,No_Exp
OCCC1COC1,True,1,0,No_Exp
CCCCCCC(O)CCC,True,2,7,No_Exp
COC(=O)C(C)CO,True,1,7,No_Exp
C=CCOCC(O)CS(=O)(=O)[O-],True,2,6,No_Exp
OC1CCOc2ccccc21,True,2,0,No_Exp
CCOC(=O)C[C@@H](O)CCl,True,2,7,No_Exp
O=C(c1ccco1)C(O)c1ccco1,True,2,8,No_Exp
OCc1ccc(Br)s1,True,1,0,No_Exp
CC(C)(C)OC(=O)N1CCC(O)C(F)C1,True,2,11,No_Exp
OCCc1c[nH]c2ccc(Br)cc12,True,1,0,No_Exp
OCCCCOC1CCCO1,True,1,0,React
OCc1nc2ccccc2n1Cc1ccccc1,True,1,0,No_Exp
OCc1cc(Cl)ccc1Br,True,1,0,No_Exp
OCC1(COCc2ccccc2)CC1,True,1,0,No_Exp
N#CCCCCO,True,1,6,No_Exp
CC(C)(C)OC(=O)Nc1cccc(CO)c1,True,1,14,No_Exp
Cc1cc(CO)ccc1Br,True,1,5,No_Exp
CCCC(O)c1ccccc1,True,2,4,No_Exp
CC(C)[C@@H](CO)NC(=O)OC(C)(C)C,True,1,5,No_Exp
OCC1CC=CC1,True,1,0,No_Exp
OCc1ccc([B-](F)(F)F)cc1,True,1,0,No_Exp
OC[C@@H]1CCCO1,True,1,0,No_Exp
OC[C@H]1CCCO1,True,1,0,No_Exp
Cc1ccc(CO)cc1F,True,1,6,No_Exp
OCCC(F)(F)C(F)(F)Br,True,1,0,No_Exp
O=C(OCc1ccccc1)N1CC[C@@H](CO)C1,True,1,15,No_Exp
C[C@@H](O)CCl,True,2,2,No_Exp
CC(O)c1ccc(Cl)cc1Cl,True,2,2,No_Exp
COC(=O)C1CCCC(O)C1,True,2,9,No_Exp
COC(=O)[C@H](O)Cc1ccccc1,True,2,5,No_Exp
CC(=O)N1CC(O)C1,True,2,6,No_Exp
COC(=O)C12CCC(CO)(CC1)CC2,True,1,9,No_Exp
CC(C)(C)OC(=O)N1CCCC[C@@H]1CO,True,1,14,No_Exp
CCCC1CCC(O)CC1,True,2,7,No_Exp
OC(c1ccccc1)c1cccc(Cl)c1,True,2,0,No_Exp
COc1cc(CO)ccn1,True,1,6,No_Exp
O[C@H](CCl)c1ccc(F)c(F)c1,True,2,0,No_Exp
CC(C)(C)OC(=O)N1CCCC(CCO)C1,True,1,14,No_Exp
[O-][n+]1ccc(CO)cc1,True,1,6,No_Exp
CCOC(=O)CC(O)C(F)(F)F,True,2,7,No_Exp
OCCn1cc(Br)cn1,True,1,0,No_Exp
COc1ccc(CO)cc1Br,True,1,7,No_Exp
C[C@H](O)c1cccc(Br)c1,True,2,2,No_Exp
CC(C)(C)OC(=O)N[C@H]1CC[C@@H](O)C1,True,2,12,No_Exp
CC(O)C#C[Si](C)(C)C,True,2,2,No_Exp
OCCc1ccc(Br)cn1,True,1,0,No_Exp
Cc1cnc(CO)c(C)c1,True,1,6,No_Exp
CC(C)CC(O)Cc1ccccc1,True,2,5,No_Exp
CC(C)C1OCCN1CCO,True,1,10,No_Exp
COc1cccc(CO)c1OC,True,1,8,No_Exp
OCCCn1cccc1,True,1,0,No_Exp
O=C1NCC[C@H]1O,True,2,6,No_Exp
CC(=O)O[C@H]1C=C[C@@H](O)C1,True,2,8,No_Exp
COc1ccc(CO)nc1,True,1,7,No_Exp
COc1ncc(CO)cn1,True,1,7,No_Exp
C[C@H]1CC[C@H](O)CC1,True,2,5,No_Exp
CC(C)(C)OC(=O)Nc1ccc(CCO)cc1,True,1,14,No_Exp
OCc1ccncc1Br,True,1,0,No_Exp
CC(C)(C)OC(=O)N1CC[C@H]1CO,True,1,12,No_Exp
OCCOCCOCCOCCOCCBr,True,1,0,No_Exp
COc1ccc(CCO)cc1,True,1,8,No_Exp
OCc1ccc(C(F)(F)F)cc1F,True,1,0,No_Exp
CC(O)c1cc(F)cc(F)c1,True,2,2,No_Exp
Cn1nccc1CO,True,1,7,No_Exp
CC(C)(C)[Si](C)(C)OCCCCCO,True,1,13,No_Exp
Cc1cncc(CO)c1,True,1,7,No_Exp
CC(=O)CO,True,1,4,No_Exp
O=C1C[C@@H](O)CN1,True,2,4,No_Exp
OC1CCc2c(Cl)ccnc21,True,2,0,No_Exp
OC(c1ccccc1)C(F)(F)F,True,2,0,No_Exp
Cc1ccc(S(=O)(=O)CCO)cc1,True,1,10,No_Exp
OCCCCCBr,True,1,0,No_Exp
OCc1nccs1,True,1,0,No_Exp
Cc1nnc(CO)o1,True,1,6,No_Exp
OCc1cc(Br)ccc1I,True,1,0,No_Exp
OCCc1ccc(F)c(Cl)c1,True,1,0,No_Exp
C=C(Br)CO,True,1,4,No_Exp
CC(C)(C)OC(=O)N[C@H]1CCC[C@@H]1O,True,2,13,No_Exp
OCc1ncc(Br)s1,True,1,0,No_Exp
COc1ccc(CCCCO)cc1,True,1,10,No_Exp
C[C@@H](O)c1ccccc1F,True,2,2,No_Exp
O=c1ccc(CO)c[nH]1,True,1,6,No_Exp
OCc1cc(C(F)(F)F)ccc1F,True,1,0,No_Exp
OCc1ccc(C(F)(F)F)cn1,True,1,0,No_Exp
OCc1c(F)cccc1C(F)(F)F,True,1,0,No_Exp
OCc1cccc(F)c1Br,True,1,0,No_Exp
COC(=O)C(O)c1ccccc1Cl,True,2,5,No_Exp
OCc1cc(Br)ccc1Br,True,1,0,No_Exp
OCc1sccc1Br,True,1,0,No_Exp
Cn1cc(CO)cn1,True,1,5,No_Exp
CC(O)C1CCC1,True,2,2,No_Exp
CC(C)OC(=O)CO,True,1,7,No_Exp
CC(C)OCCOCCOCCO,True,1,12,No_Exp
COc1c(F)cccc1CO,True,1,10,No_Exp
CC1CN(C(=O)OC(C)(C)C)CCC1O,True,2,14,No_Exp
CCOc1ccc(CO)cc1,True,1,8,No_Exp
O[C@H](c1ccc(Br)cc1)C(F)(F)F,True,2,0,No_Exp
OC(c1ccc(Cl)cc1)c1ccccn1,True,2,0,No_Exp
COc1ccnc(CO)c1,True,1,8,No_Exp
CC(=O)CCCO,True,1,6,No_Exp
CC(C)(C)OC(=O)Nc1cccnc1CO,True,1,15,No_Exp
OCC(F)(F)C(F)C(F)(F)F,True,1,0,No_Exp
CC1CC(C)CC(O)C1,True,2,7,No_Exp
CC(C)(C)OC(=O)NC1CC2(CC(O)C2)C1,True,2,13,No_Exp
COC(=O)C(O)c1ccc(F)cc1,True,2,5,No_Exp
OCc1cccc(F)c1F,True,1,0,No_Exp
OCc1ccccc1C(F)F,True,1,0,No_Exp
CCCCCCCCCCCC(=O)NCCO,True,1,16,No_Exp
OCc1cc(F)cc(C(F)(F)F)c1,True,1,0,No_Exp
OCc1ccc(F)c(C(F)(F)F)c1,True,1,0,No_Exp
OCc1cccc2nccn12,True,1,0,No_Exp
OCc1ccc(F)c(Br)c1,True,1,0,No_Exp
OCCCc1ccncc1,True,1,0,No_Exp
OCc1ccc(F)cn1,True,1,0,No_Exp
Cc1ccc(F)cc1CO,True,1,9,No_Exp
CC(C)(C)OC(=O)CCOCCO,True,1,12,No_Exp
OCc1ccc2[nH]ncc2c1,True,1,0,No_Exp
COC(=O)c1cncc(CO)c1,True,1,10,No_Exp
OCc1c(F)cccc1Cl,True,1,0,No_Exp
CC(C)(C)OC(=O)N[C@H]1COC[C@@H]1O,True,2,13,No_Exp
OCc1cc(F)c(F)cc1Br,True,1,0,No_Exp
COC(=O)C1CN(C(=O)OC(C)(C)C)CCC1O,True,2,17,No_Exp
OCc1ccc(F)cc1F,True,1,0,No_Exp
CC(C)(C)OC(=O)N1CCC(O)CC1=O,True,2,11,No_Exp
CC(C)(C)OC(=O)CCCCCO,True,1,12,No_Exp
OC(c1ccccc1)c1ccc(Br)cc1,True,2,0,No_Exp
OCc1ccc(Br)cc1Br,True,1,0,No_Exp
O[C@@H](CCl)c1ccc(F)cc1,True,2,0,No_Exp
OCc1cc(Cl)cc(Br)c1,True,1,0,No_Exp
OCc1cc(F)cc(Cl)c1,True,1,0,No_Exp
OCc1ccc(Cl)s1,True,1,0,No_Exp
O=[N+]([O-])c1ccc(CO)o1,True,1,8,No_Exp
OC(CBr)CBr,True,2,0,No_Exp
OCCc1cn[nH]c1,True,1,0,No_Exp
Cc1ccc(CO)cn1,True,1,6,No_Exp
OCc1ncccc1F,True,1,0,No_Exp
OCc1cc(F)c(F)c(F)c1F,True,1,0,No_Exp
C=CCC(O)c1ccccc1,True,2,4,No_Exp
Cn1ncc2cc(CO)ccc21,True,1,8,No_Exp
CCOC(=O)[C@@H](CO)NC(=O)OC(C)(C)C,True,1,7,No_Exp
CC1CCC(C(C)C)C(O)C1,True,2,9,No_Exp
Cc1ccccc1C(O)c1ccccc1,True,2,8,No_Exp
COCCCOc1cc(CO)ccc1OC,True,1,10,No_Exp
OCc1c(F)cccc1Br,True,1,0,No_Exp
CC(O)c1c(F)cc(Br)cc1F,True,2,2,No_Exp
OCc1cccnc1F,True,1,0,No_Exp
COC(=O)c1ccc(CO)cc1,True,1,9,No_Exp
CC(O)C1CCCCC1,True,2,2,No_Exp
Cc1ccc(CO)c(C)c1,True,1,6,No_Exp
CC(O)c1ccccc1C(F)(F)F,True,2,2,No_Exp
N#CCC1(CO)CC1,True,1,5,No_Exp
Cc1c(CO)cccc1[N+](=O)[O-],True,1,4,No_Exp
O[C@@H](c1ccc(Br)cc1)C(F)(F)F,True,2,0,No_Exp
OCc1cccc(C(F)(F)F)n1,True,1,0,No_Exp
O=S1(=O)CC(O)C1,True,2,5,No_Exp
C=CC(O)C#CC(C)(C)C,True,2,3,No_Exp
OCc1cnccc1Cl,True,1,0,No_Exp
CC(O)c1nc2ccccc2[nH]1,True,2,2,No_Exp
CC(O)c1cccc(Cl)c1,True,2,2,No_Exp
OCCCCCl,True,1,0,No_Exp
Cc1cccc(CO)c1C,True,1,7,No_Exp
OCCOc1ccccc1-c1ccccc1,True,1,0,No_Exp
OCc1cc(Cl)cnc1Cl,True,1,0,No_Exp
COC(=O)c1ccc(CO)nc1,True,1,9,No_Exp
COC(=O)c1ccc(C(C)O)cc1,True,2,10,No_Exp
O[C@@H]1CCOc2cc(F)cc(F)c21,True,2,0,No_Exp
CCCCCCCCC(O)CC,True,2,9,No_Exp
C[C@@H](O)c1cccc(Br)c1,True,2,2,No_Exp
CC(O)C1CCOCC1,True,2,2,No_Exp
CC(O)c1cccc2ccccc12,True,2,2,No_Exp
OCCc1ccc2ccccc2c1,True,1,0,No_Exp
COC(=O)C1CCC(O)CC1,True,2,8,No_Exp
OCc1ccc(C(F)(F)F)cc1Cl,True,1,0,No_Exp
O=CCCCCO,True,1,6,No_Exp
Cc1ccc([N+](=O)[O-])cc1CO,True,1,11,No_Exp
O=[N+]([O-])c1ccc(F)cc1CO,True,1,11,No_Exp
CC(O)c1cccc([N+](=O)[O-])c1,True,2,2,No_Exp
COc1ccc(CO)cc1[N+](=O)[O-],True,1,7,No_Exp
N#Cc1cc(CO)ccc1F,True,1,6,No_Exp
OCc1cc(Cl)nc(Cl)c1,True,1,0,No_Exp
CCOC(=O)C1CCCC(O)C1,True,2,10,No_Exp
OCc1ccc(C(F)(F)F)nc1,True,1,0,No_Exp
O=C(OCc1ccccc1)N1CCC(O)C1,True,2,14,No_Exp
Cn1ncc2ccc(CO)cc21,True,1,9,No_Exp
CCC#CCCO,True,1,6,No_Exp
C[C@H](O)Cc1ccccc1,True,2,2,No_Exp
CC(O)c1cccc(F)c1,True,2,2,No_Exp
COC(=O)c1ccc(CCCCO)cc1,True,1,12,No_Exp
CC(C)(C)OC(=O)Nc1ccc(CO)cn1,True,1,13,No_Exp
OCc1c(Br)ccc(F)c1F,True,1,0,No_Exp
OCc1nc(Cl)ccc1Br,True,1,0,No_Exp
OCC#CCCl,True,1,0,No_Exp
CCOC(=O)c1cc(CO)[nH]n1,True,1,9,No_Exp
CC(=O)CC(=O)NCCO,True,1,9,No_Exp
COC(=O)C1CC(O)CCN1C(=O)OC(C)(C)C,True,2,7,No_Exp
OC(CCl)c1ccc(Cl)cc1Cl,True,2,0,No_Exp
OCCCOc1ccccc1,True,1,0,No_Exp
N#CC(O)c1cccc(Oc2ccccc2)c1,True,2,3,No_Exp
CC(C)(C)OC(=O)NC1(CO)CCC1,True,1,10,No_Exp
OCc1ccc2c(c1)OCCO2,True,1,0,No_Exp
COC(=O)c1cc(CO)nn1C,True,1,8,No_Exp
O=c1cc(CO)cc[nH]1,True,1,5,No_Exp
CC(=O)c1ccc(CO)cc1,True,1,8,No_Exp
COC(=O)c1ccc(CO)c(Br)c1,True,1,9,No_Exp
C=C(C)C(=O)NCCO,True,1,8,No_Exp
O=C(NCCO)C(F)(F)F,True,1,5,No_Exp
O=C(NCCO)c1cccnc1,True,1,5,No_Exp
COc1cccc(OCC(C)O)c1,True,2,11,No_Exp
OCc1cc(F)cc(Br)c1,True,1,0,No_Exp
Cc1ncc(CO)s1,True,1,6,No_Exp
Cc1ccc(CO)cc1Br,True,1,6,No_Exp
O=C1c2ccccc2C(=O)N1CCCO,True,1,14,No_Exp
O=[N+]([O-])c1c(F)cccc1CO,True,1,11,No_Exp
OCCCF,True,1,0,No_Exp
CSc1ncc(CO)cn1,True,1,7,No_Exp
Cc1cc(Br)ccc1CO,True,1,9,No_Exp
CC(C)(C)OC(=O)N1CC=CC(O)C1,True,2,12,No_Exp
COc1cccc(C(C)O)c1,True,2,9,No_Exp
CCOC(=O)[C@@H](O)CCc1ccccc1,True,2,6,No_Exp
COC(C)(C)CO,True,1,6,No_Exp
COc1ccc(CO)c(F)c1F,True,1,7,No_Exp
O=C(OCc1ccccc1)N1CCC[C@H](O)C1,True,2,15,No_Exp
Cc1cc(CO)on1,True,1,5,No_Exp
CC(=O)N1CCC(O)C1,True,2,7,No_Exp
OCc1ccccc1C(F)(F)F,True,1,0,No_Exp
OCCCCF,True,1,0,No_Exp
C=COCCOCCO,True,1,8,No_Exp
O=C1c2ccccc2C(=O)N1CCOCCO,True,1,16,No_Exp
COc1ccc(CO)cn1,True,1,7,No_Exp
Cc1cc(F)ccc1CO,True,1,9,No_Exp
O[C@H](CCl)c1ccc(Cl)cc1Cl,True,2,0,No_Exp
O[C@H](CCl)c1ccccc1,True,2,0,No_Exp
CCCCC(CC)COCCOCCO,True,1,14,No_Exp
O=C1CC(O)C(=O)N1Cc1ccccc1,True,2,4,No_Exp
OCCc1cnc[nH]1,True,1,0,No_Exp
Cc1cc(CO)cc(C)c1F,True,1,5,No_Exp
COC(=O)C1CCCC1O,True,2,9,No_Exp
COc1cc(CO)ccc1F,True,1,6,No_Exp
CCCCCCCCCCCCCCCCCCCCCCCCCCO,True,1,26,No_Exp
OCc1nc2ccccc2s1,True,1,0,No_Exp
Cc1cccc(CO)c1[N+](=O)[O-],True,1,7,No_Exp
O=[N+]([O-])c1cc(CO)ccc1F,True,1,7,No_Exp
OCc1c(F)cc(F)cc1F,True,1,0,No_Exp
OC1CC2(COC2)C1,True,2,0,No_Exp
CC(C)(C)OC(=O)N[C@@H]1COC[C@H]1O,True,2,13,No_Exp
CC(CCO)CC(C)(C)C,True,1,4,No_Exp
CC1=CC(O)CC(C)(C)C1,True,2,4,No_Exp
OCC1(CBr)COC1,True,1,0,No_Exp
OCc1ccc(Br)c(Cl)c1,True,1,0,No_Exp
OCC#Cc1ccc(F)cc1,True,1,0,No_Exp
OCc1cc(Br)nc(Br)c1,True,1,0,No_Exp
OCCOc1ccc(Cl)cc1,True,1,0,No_Exp
C#CCCCCCCCCO,True,1,10,No_Exp
C[C@H](CO)NC(=O)OCc1ccccc1,True,1,3,No_Exp
OCc1ccc(Cl)c(Br)c1,True,1,0,No_Exp
OCCSc1ccccc1,True,1,0,React
O=C(CCCCO)OCc1ccccc1,True,1,6,No_Exp
OCc1cc2c(Br)cncc2s1,True,1,0,No_Exp
OCCc1ccncc1,True,1,0,No_Exp
O=C(OCc1ccccc1)N1CCCC(O)C1,True,2,15,No_Exp
CCCCc1nc(Cl)c(CO)[nH]1,True,1,10,No_Exp
O=[N+]([O-])c1cccc(Br)c1CO,True,1,11,No_Exp
CC(O)c1cc(Cl)ccc1Cl,True,2,2,No_Exp
Cc1ncc(CO)cn1,True,1,6,No_Exp
CCC1CCC(O)CC1,True,2,6,No_Exp
O=C(OCc1ccccc1)N1CCC[C@H]1CO,True,1,16,No_Exp
CC(C)[C@@H](CO)NC(=O)OCc1ccccc1,True,1,5,No_Exp
OCc1ccno1,True,1,0,No_Exp
OCC1COCCO1,True,1,0,No_Exp
OCc1cncc(Cl)c1,True,1,0,No_Exp
CC(C)(C)OC(=O)N1CC2CC(O)CC2C1,True,2,12,No_Exp
O=[N+]([O-])c1cccc(CO)c1Cl,True,1,9,No_Exp
Cc1ccc(CO)c([N+](=O)[O-])c1,True,1,6,No_Exp
CC(O)CNC(=O)OC(C)(C)C,True,2,2,No_Exp
OCc1ccc(C(F)(F)F)c(F)c1,True,1,0,No_Exp
OCCOCCOCCOCCOCc1ccccc1,True,1,0,No_Exp
OCCOCCOCCOCCOCCOCc1ccccc1,True,1,0,No_Exp
OCCOCCOCCOCCOCCOCCOCc1ccccc1,True,1,0,No_Exp
Cc1ccc(C)c(CO)c1,True,1,8,No_Exp
OCCc1ccc(OC(F)(F)F)cc1,True,1,0,No_Exp
OCc1ccc2cc(Br)ccc2c1,True,1,0,No_Exp
CCOc1cccc(CO)c1,True,1,9,No_Exp
O[C@@H](CCCl)c1ccccc1,True,2,0,No_Exp
OCc1ccccc1I,True,1,0,No_Exp
C[C@H](O)c1cccc2ccccc12,True,2,2,No_Exp
O=C1C[C@@H](O)CO1,True,2,4,No_Exp
OCc1cnc2ccccc2c1,True,1,0,No_Exp
COC(=O)C12CC(CO)(C1)C2,True,1,8,No_Exp
CC[C@H](O)C(=O)OC,True,2,3,No_Exp
Cc1ccc(I)cc1CO,True,1,9,No_Exp
CCCC(O)CCC,True,2,4,No_Exp
OCc1cn(-c2ccccc2)nn1,True,1,0,No_Exp
Cc1ccc(OCCO)cc1,True,1,8,No_Exp
CC=CCCCO,True,1,6,No_Exp
N#Cc1ccc(CO)nc1,True,1,7,No_Exp
OC(c1ccccc1)c1ccccc1Cl,True,2,0,No_Exp
O=Cc1ccccc1OCCO,True,1,11,No_Exp
OC1CCn2ccnc21,True,2,0,No_Exp
CCCCOCC(C)O,True,2,8,No_Exp
O=C([O-])CCCCCO,True,1,8,No_Exp
CC(C)(C)OC(=O)N1CC2(CCC(O)CC2)C1,True,2,13,No_Exp
OC1CC(OCc2ccccc2)C1,True,2,0,No_Exp
OCc1ccc(Br)cc1Cl,True,1,0,No_Exp
CC(=O)N1CCC(O)CC1,True,2,7,No_Exp
CSc1ccc(CO)cc1,True,1,7,No_Exp
O=C1CC[C@@H](CO)O1,True,1,6,No_Exp
CCOC(=O)c1cc(CO)on1,True,1,9,No_Exp
OCc1cc(C(F)(F)F)ccc1Cl,True,1,0,No_Exp
O=C([O-])C(O)c1ccccc1,True,2,4,No_Exp
O=Cc1ccc(OCCO)cc1,True,1,9,No_Exp
OCCCI,True,1,0,No_Exp
OCc1cncnc1,True,1,0,No_Exp
OCc1nc2ccc(Cl)cc2[nH]1,True,1,0,No_Exp
COC(=O)c1cccc(CO)c1,True,1,10,No_Exp
O[C@H]1CC[C@H](C(F)(F)F)CC1,True,2,0,No_Exp
Cn1c(CO)nc2ccccc21,True,1,4,No_Exp
OCc1ccc(Cl)c(C(F)(F)F)c1,True,1,0,No_Exp
Cc1cc(CO)ccc1[N+](=O)[O-],True,1,5,No_Exp
CCCCCCCCCCCCCCCC(=O)NCCO,True,1,20,No_Exp
OCc1ncccn1,True,1,0,No_Exp
CC(C)(CCO)NC(=O)OC(C)(C)C,True,1,5,No_Exp
Cn1cc(Br)c(CO)n1,True,1,7,No_Exp
CC1CCC(O)CC1C,True,2,5,No_Exp
C[C@@H](CO)NC(=O)OCc1ccccc1,True,1,3,No_Exp
O[C@H]1CC=C[C@@H]1COCc1ccccc1,True,2,0,No_Exp
OCc1ncc(Br)cc1F,True,1,0,No_Exp
O=C1CC(O)CCN1,True,2,4,No_Exp
OCc1cc(Br)cs1,True,1,0,No_Exp
OCc1c(F)cc(Br)cc1F,True,1,0,No_Exp
OCCc1c[nH]c2ccc(F)cc12,True,1,0,No_Exp
O=C(OCc1ccccc1)C(O)c1ccccc1,True,2,11,No_Exp
Cc1cc(Br)cc(CO)c1,True,1,8,No_Exp
Cc1ccc(CO)s1,True,1,6,No_Exp
COC(=O)C(CO)NC(=O)OCc1ccccc1,True,1,6,No_Exp
OCc1cc(Cl)ccc1Cl,True,1,0,No_Exp
OCCc1ccc(Cl)nc1,True,1,0,No_Exp
CN(Cc1ccc(CO)cc1)C(=O)OC(C)(C)C,True,1,8,No_Exp
OCCCn1cccn1,True,1,0,No_Exp
OCCOC1CCCCC1,True,1,0,No_Exp
OCCCc1cccs1,True,1,0,No_Exp
CC1(C)CCC(O)CC1,True,2,6,No_Exp
CC(C)(C)OC(=O)N1CCOC[C@@H]1CO,True,1,14,No_Exp
OCC1CCCCCC1,True,1,0,No_Exp
OCC(Br)(Br)Br,True,1,0,No_Exp
CCOC(=O)CCO,True,1,7,No_Exp
CC(=O)N1CC[C@@H](O)C1,True,2,7,No_Exp
OC1CC2CCC1C2,True,2,0,No_Exp
OCCc1ccc(-c2ccccc2)cc1,True,1,0,No_Exp
CC(O)c1ccccc1Br,True,2,2,No_Exp
CC(C)C[C@H](CO)NC(=O)OC(C)(C)C,True,1,6,No_Exp
CC(O)COCc1ccccc1,True,2,2,No_Exp
OCc1cncc(Br)c1,True,1,0,No_Exp
OCCCCCCCCCCCl,True,1,0,No_Exp
CC(O)C1CCN(C(=O)OC(C)(C)C)CC1,True,2,2,No_Exp
CC(C)(C)OC(=O)CCOCCOCCOCCO,True,1,18,No_Exp
COC(=O)C1CCC(O)C1,True,2,8,No_Exp
Cn1cncc1CO,True,1,7,No_Exp
Cn1c(CO)cnc1[N+](=O)[O-],True,1,4,No_Exp
CC(O)c1c(Cl)cncc1Cl,True,2,2,No_Exp
O=[N+]([O-])c1ccn(CCO)n1,True,1,9,No_Exp
OCCc1ccc(Cl)c(Cl)c1,True,1,0,No_Exp
CCN(CCO)C(=O)OC(C)(C)C,True,1,5,No_Exp
CC(C)(C)OC(=O)Nc1ccc(CO)cc1,True,1,13,No_Exp
CCCCCCOCCO,True,1,9,No_Exp
O=c1cc(CO)[nH]cc1OCc1ccccc1,True,1,5,No_Exp
CCCCCCCC/C=C\CCCCCCCC(=O)NCCO,True,1,22,No_Exp
COc1ccc(OC)c(CO)c1,True,1,10,No_Exp
O=C(OCc1ccccc1)N1CCCC(CO)C1,True,1,16,No_Exp
OCc1ncc(Br)cn1,True,1,0,No_Exp
CSCC[C@@H](CO)NC(=O)OC(C)(C)C,True,1,6,No_Exp
CC(C)(C)c1cc(CO)cc(C(C)(C)C)c1,True,1,8,No_Exp
CCCCCC1CCC(O)CC1,True,2,9,No_Exp
Cc1nc(CO)cs1,True,1,5,No_Exp
C[N+](C)(CCO)CCCS(=O)(=O)[O-],True,1,5,No_Exp
COC(=O)[C@@H](O)c1ccccc1Cl,True,2,5,No_Exp
CC(C)Cc1ccc(C(C)O)cc1,True,2,10,No_Exp
CCCCCCCCCC(O)CCCCCCCCC,True,2,10,No_Exp
CC(O)c1ccccn1,True,2,2,No_Exp
CN(CCCCO)C(=O)OC(C)(C)C,True,1,6,No_Exp
OCc1ccc(F)c(Cl)c1,True,1,0,No_Exp
CCCCOC(=O)[C@H](C)O,True,2,9,No_Exp
O=C1CCC(O)CN1,True,2,5,No_Exp
OCCCCCCCCCCCCCBr,True,1,0,No_Exp
C[C@H](O)c1ccccc1Br,True,2,2,No_Exp
Cc1ncccc1CO,True,1,8,No_Exp
CCCCCCCCCC(C)O,True,2,11,No_Exp
C#CCCCCCCCCCO,True,1,11,No_Exp
OC(CBr)c1ccccc1,True,2,0,No_Exp
OCc1nc2cc(Br)ccc2[nH]1,True,1,0,No_Exp
O=C1CCC(O)C1,True,2,5,No_Exp
OCCCCc1ccc(Br)cc1,True,1,0,No_Exp
COc1ccccc1CCO,True,1,10,No_Exp
CC1(C)OB(c2ccc(CO)s2)OC1(C)C,True,1,10,No_Exp
C=CC(=O)OCC(O)COC(=O)C(=C)C,True,2,7,No_Exp
C[N+](C)(C)C[C@@H](O)CC(=O)[O-],True,2,6,No_Exp
COC(C)CO,True,1,5,No_Exp
COc1ccc(Br)c(CO)n1,True,1,9,No_Exp
OCCCc1nc2ccccc2[nH]1,True,1,0,No_Exp
CC(CCO)NC(=O)OC(C)(C)C,True,1,4,No_Exp
OCc1cccc(Cl)c1Cl,True,1,0,No_Exp
OC1CCc2ccccc2C1,True,2,0,No_Exp
C=C(C)C1CC=C(C)C(O)C1,True,2,9,No_Exp
C[C@@H](O)COCc1ccccc1,True,2,2,No_Exp
C=C(C)C(=O)OCC(O)CCl,True,2,8,No_Exp
O=[N+]([O-])c1ccc(Br)cc1CO,True,1,11,No_Exp
CC(O)c1cccnc1,True,2,2,No_Exp
CCCCCCCCCCCCCCCCCCCO,True,1,19,No_Exp
CC1CCC(C(C)C)C2(C1)OCC(CO)O2,True,1,14,No_Exp
COc1ccc2cc(C(C)O)ccc2c1,True,2,10,No_Exp
CC[C@@H](O)C(=O)OC,True,2,3,No_Exp
OCc1ccc(Cl)c(F)c1,True,1,0,No_Exp
OCc1ncc(Cl)cc1Br,True,1,0,No_Exp
CC(O)C(=O)[O-],True,2,2,No_Exp
O=C(CCO)OCc1ccccc1,True,1,4,No_Exp
CN1CC(CO)CC1=O,True,1,5,No_Exp
O=[N+]([O-])c1ccnc(CO)c1,True,1,9,No_Exp
O=[N+]([O-])c1cccc(C#CCO)c1,True,1,11,No_Exp
OC1CCc2ccc(Br)cc21,True,2,0,No_Exp
COC(=O)[C@@H](O)C(C)C,True,2,5,No_Exp
CC1(C)OB(c2cccc(CCO)c2)OC1(C)C,True,1,12,No_Exp
C/C=C/C=C/CCCCCCCO,True,1,12,No_Exp
CCCCCCCCCCCCCCCCCC(=O)NCCO,True,1,22,No_Exp
CC(O)c1ccncc1,True,2,2,No_Exp
Cc1ccc(C)c(CCO)c1,True,1,9,No_Exp
CCCCC[C@@H](C)O,True,2,7,No_Exp
CC(C)(C)OC(=O)N1[C@@H](CO)COC1(C)C,True,1,10,No_Exp
CC(O)c1ccc(OC(F)(F)F)cc1,True,2,2,No_Exp
C[C@H](O)c1ccncc1,True,2,2,No_Exp
CC(C)(C)OC(=O)Nc1nc(CO)cs1,True,1,12,No_Exp
OCc1c(F)ccc(Cl)c1F,True,1,0,No_Exp
CC/C=C\CCOC(=O)C(C)O,True,2,11,No_Exp
CCCCC/C=C\CCCO,True,1,10,No_Exp
C[C@H](O)CCc1ccccc1,True,2,2,No_Exp
O=[N+]([O-])c1cc(Br)cc(CO)c1,True,1,10,No_Exp
O=C(OCc1ccccc1)N1CCC(CO)CC1,True,1,15,No_Exp
CC(C)(C)OC(=O)NCCCCCCCCO,True,1,16,No_Exp
COc1cc(C(F)(F)F)ccc1CO,True,1,13,No_Exp
O=C([O-])COCCO,True,1,7,No_Exp
CCCCCCCCCCCCCCCCCCCCCCCCCCCCO,True,1,28,No_Exp
Cc1ccc(CO)cc1[N+](=O)[O-],True,1,6,No_Exp
COC1CCC(O)CC1,True,2,6,No_Exp
C[C@H](O)C(=O)OC(C)(C)C,True,2,2,No_Exp
O[C@H](CCCl)c1ccccc1,True,2,0,No_Exp
OCc1ccc(Br)cc1I,True,1,0,No_Exp
CC(C)(C#N)CO,True,1,6,No_Exp
CNC(=O)CCO,True,1,6,No_Exp
CC(O)c1cccc(Br)c1,True,2,2,No_Exp
OCc1ccccc1-c1ccccc1,True,1,0,No_Exp
CC(C)(CO)OCc1ccccc1,True,1,4,No_Exp
OCc1ccc(F)cc1Br,True,1,0,No_Exp
COc1ccc(Br)c(CO)c1,True,1,9,No_Exp
OCc1c(F)ccc(F)c1Cl,True,1,0,No_Exp
O=[N+]([O-])c1ccc(CO)c(Cl)c1,True,1,8,No_Exp
CCCCCCCCC(C)O,True,2,10,No_Exp
OCCCC(F)(F)C(F)(F)F,True,1,0,No_Exp
OCCC1CCCC1,True,1,0,No_Exp
N#Cc1ccc(CO)cc1F,True,1,7,No_Exp
CCCCCCCCCCC(O)CCCCCCCCCC,True,2,11,No_Exp
COC(=O)C1CC(O)CN1C(=O)OC(C)(C)C,True,2,7,No_Exp
CNC(=O)[C@@H](O)c1ccccc1,True,2,5,No_React
OCc1ccnc(F)c1,True,1,0,No_Exp
CC(C)(C)OC(=O)COCCOCCOCCOCCO,True,1,20,No_Exp
O=[N+]([O-])c1ccc(F)c(CO)c1,True,1,10,No_Exp
Cc1ccc(C(O)c2ccc(C)cc2)cc1,True,2,6,No_Exp
CC(C)(C)[Si](C)(C)OCCOCCOCCO,True,1,16,No_Exp
C=CC(=O)OCC(O)COc1ccccc1,True,2,7,No_Exp
COC(=O)C(O)Cc1ccccc1,True,2,5,No_Exp
CC(C)(C)OC(=O)NCCOCCOCCOCCOCCO,True,1,22,No_Exp
COC(CO)c1ccccc1,True,1,4,No_Exp
CC(C)(C)OC(=O)COCCOCCOCCO,True,1,17,No_Exp
CCOC(=O)C(O)CC,True,2,6,No_Exp
Cc1cc(C)c(CCO)c(C)c1,True,1,8,No_Exp
CC(C)(C)OC(=O)COCCOCCOCCOCCOCCO,True,1,23,No_Exp
OCc1ccc2[nH]ccc2c1,True,1,0,No_Exp
OCC1CC2CCC1C2,True,1,0,No_Exp
OCc1ncco1,True,1,0,No_Exp
CC(C)(C)OC(=O)NC1CCCCC1O,True,2,14,No_Exp
OC1CCC(C(F)(F)F)CC1,True,2,0,No_Exp
OCCc1ccc(C(F)(F)F)cc1,True,1,0,No_Exp
CCCCCCCCCCCC(C)O,True,2,13,No_Exp
COc1ccccc1CO,True,1,9,No_Exp
O=C(NCCCCO)OCc1ccccc1,True,1,7,No_Exp
Cc1cc(CO)ccn1,True,1,5,No_Exp
CCCCCC(CO)CCC,True,1,7,No_Exp
COC(=O)c1cc(CO)ccn1,True,1,8,No_Exp
OCc1ccc(Cl)cn1,True,1,0,No_Exp
OCCCC(F)(F)C(F)(F)C(F)(F)C(F)(F)F,True,1,0,No_Exp
CC(C)(C)OC(=O)N1CCOC[C@H]1CO,True,1,14,No_Exp
CC(C)C(O)c1ccccc1,True,2,4,No_Exp
OCCCc1cccnc1,True,1,0,No_Exp
OCCCc1cccc(C(F)(F)F)c1,True,1,0,No_Exp
OCCC(c1ccccc1)c1ccccc1,True,1,0,No_Exp
OCCCC1CCCC1,True,1,0,No_Exp
OCc1cccnn1,True,1,0,No_Exp
COc1ccccc1CCCO,True,1,11,No_Exp
CCOCCCO,True,1,6,No_Exp
COc1cccc(C#CCO)c1,True,1,10,No_Exp
Cc1nc2n(c(=O)c1CCCl)CCCC2O,True,2,15,No_Exp
C[C@@H](O)c1ccccc1Cl,True,2,2,No_Exp
COCc1c(F)c(F)c(CO)c(F)c1F,True,1,10,No_Exp
CCOC(=O)C1CC(O)C1,True,2,8,No_Exp
OCc1cncc(Cl)n1,True,1,0,No_Exp
COc1ccc([C@H](C)O)cc1,True,2,8,No_Exp
COCCOCCOCCOCCOCCOCCOCCOCCOCCO,True,1,28,No_Exp
OCc1cn[nH]c1,True,1,0,No_Exp
C[C@H](O)c1ccc(Cl)cc1,True,2,2,No_Exp
OCCc1cccc(Cl)c1Cl,True,1,0,No_Exp
CCCCCCC(C)O,True,2,8,No_Exp
O=[N+]([O-])c1cccc(CCO)c1,True,1,10,No_Exp
CCCOCCO,True,1,6,No_Exp
COC(=O)CC(C)O,True,2,7,No_Exp
COC(=O)CCCCO,True,1,8,No_Exp
OCCC(F)F,True,1,0,No_Exp
COC(=O)CCCCCCCCCCO,True,1,14,No_Exp
OC1CSC1,True,2,0,No_Exp
CCCCCCCCCCCOCCO,True,1,14,No_Exp
CCCCCCCC/C=C\CCCCCCCCCCCCO,True,1,22,No_Exp
COC(=O)[C@H](O)CC(C)C,True,2,5,No_Exp
CC(C)(C)OC(=O)COCCO,True,1,11,No_Exp
CCCCCCCCC/C=C/CO,True,1,12,No_Exp
CCCCCCCC/C=C/CO,True,1,11,No_Exp
O[C@@H](CCl)c1ccc(Cl)cc1Cl,True,2,0,No_Exp
OCCOCCI,True,1,0,No_Exp
O=C(CO)Nc1ccccc1,True,1,3,No_Exp
CC(C)(C)OC(=O)NCCCCCCCCCCCO,True,1,19,No_Exp
CC(C)(C)OC(=O)NCCCCCCCCCO,True,1,17,No_Exp
NC(=O)CCCCCO,True,1,8,No_Exp
O[C@H]1CC[C@@H](c2ccccc2)CC1,True,2,0,No_Exp
Cc1ccc([C@@H](C)O)cc1,True,2,7,No_Exp
C#CCOCC(C)O,True,2,7,No_Exp
C#CCOCCOCCOCCOCCOCCOCCO,True,1,21,No_Exp
CC(O)CCBr,True,2,2,No_Exp
CC(C)(C)[Si](C)(C)OCCOCCOCCOCCO,True,1,19,No_Exp
C=CC[C@@H](CO)NC(=O)OC(C)(C)C,True,1,5,No_Exp
OCCSSc1ccccn1,True,1,0,No_Exp
C[C@@H](O)c1cccc([N+](=O)[O-])c1,True,2,2,No_Exp
OC1C=CCCCCC1,True,2,0,No_Exp
CCC(O)C(=O)OC,True,2,3,No_Exp
CCCCCCCCC(O)CCCCCC,True,2,9,No_Exp
O=C(CCl)N(CCO)c1ccccc1,True,1,7,No_Exp
C[C@@H](O)c1cc(F)ccc1I,True,2,2,No_Exp
C=C(C)C(=O)OCCCO,True,1,9,No_Exp
CCCCCCCCCCCCC(CO)CCCCCCCCCC,True,1,14,No_Exp
CC(O)/C=C/B1OC(C)(C)C(C)(C)O1,True,2,2,No_Exp
C=C(C)C(=O)OC1CCC(O)CC1,True,2,10,No_Exp
CC(C)[C@H]1CC[C@@H](CO)CC1,True,1,8,No_Exp
CC(=O)OCCCCO,True,1,8,No_Exp
CCCCCCCC(O)CCCCCCC,True,2,8,No_Exp
OCCCCCI,True,1,0,No_Exp
CCCCCCCCCC(O)CCCCCCCC,True,2,10,No_Exp
CC(C)(C)OCCOCCO,True,1,10,No_Exp
O=C([O-])CC(CO)c1ccccc1,True,1,6,No_Exp
CC(O)c1cccc(I)c1,True,2,2,No_Exp
COc1ccc(-c2ccc3cc(CO)ccc3c2)cc1C12C[C@H]3C[C@@H](C1)C[C@@H](C2)C3,True,1,13,React
OC1CCCCCCCCCCCCCC1,True,2,0,React
C#CCO,True,1,3,React
C/C(=C\CO)CCC[C@H](C)CCC[C@H](C)CCCC(C)C,True,1,4,React
Cc1ccc(S(=O)(=O)OCCO)cc1,True,1,11,No_React
C[C@@H](O)C[N]C(=O)OC(C)(C)C,True,2,2,No_React
